-- phpMyAdmin SQL Dump
-- version 4.8.4
-- https://www.phpmyadmin.net/
--
-- Host: 127.0.0.1
-- Generation Time: Feb 04, 2019 at 02:10 PM
-- Server version: 10.1.37-MariaDB
-- PHP Version: 7.3.0

SET SQL_MODE = "NO_AUTO_VALUE_ON_ZERO";
SET AUTOCOMMIT = 0;
START TRANSACTION;
SET time_zone = "+00:00";


/*!40101 SET @OLD_CHARACTER_SET_CLIENT=@@CHARACTER_SET_CLIENT */;
/*!40101 SET @OLD_CHARACTER_SET_RESULTS=@@CHARACTER_SET_RESULTS */;
/*!40101 SET @OLD_COLLATION_CONNECTION=@@COLLATION_CONNECTION */;
/*!40101 SET NAMES utf8mb4 */;

--
-- Database: `ta2`
--

-- --------------------------------------------------------

--
-- Table structure for table `agama`
--

CREATE TABLE `agama` (
  `id` int(100) NOT NULL,
  `id_tahun` int(100) NOT NULL,
  `id_daerah` int(100) NOT NULL,
  `lakilaki` int(100) NOT NULL,
  `perempuan` int(100) NOT NULL,
  `jenis` int(100) NOT NULL,
  `agama` text NOT NULL
) ENGINE=InnoDB DEFAULT CHARSET=latin1;

--
-- Dumping data for table `agama`
--

INSERT INTO `agama` (`id`, `id_tahun`, `id_daerah`, `lakilaki`, `perempuan`, `jenis`, `agama`) VALUES
(1, 1, 1, 10293, 14314, 1, 'islam'),
(2, 1, 2, 3591, 4523, 1, 'islam'),
(3, 1, 3, 467, 545, 1, 'islam'),
(4, 1, 4, 1636, 2049, 1, 'islam'),
(5, 1, 5, 380, 340, 1, 'islam'),
(6, 1, 6, 983, 1212, 1, 'islam'),
(7, 1, 7, 1929, 1319, 1, 'islam'),
(8, 1, 8, 1152, 973, 1, 'islam'),
(9, 1, 9, 810, 1115, 1, 'islam'),
(10, 1, 10, 5616, 5440, 1, 'islam'),
(11, 1, 11, 6776, 7745, 1, 'islam'),
(12, 1, 12, 4970, 4830, 1, 'islam'),
(13, 1, 13, 3522, 4672, 1, 'islam'),
(14, 1, 14, 4773, 5756, 1, 'islam'),
(15, 1, 15, 4896, 5645, 1, 'islam'),
(16, 1, 16, 4029, 4438, 1, 'islam'),
(17, 1, 17, 1781, 2592, 1, 'islam'),
(18, 1, 18, 3037, 3473, 1, 'islam'),
(19, 1, 19, 3864, 3575, 1, 'islam'),
(20, 1, 20, 2725, 4234, 1, 'islam'),
(21, 1, 21, 1856, 1552, 1, 'islam'),
(22, 1, 22, 6331, 5761, 1, 'islam'),
(23, 1, 23, 4518, 5116, 1, 'islam'),
(24, 1, 24, 3723, 4278, 1, 'islam'),
(25, 1, 25, 4039, 5821, 1, 'islam'),
(26, 1, 26, 2750, 4026, 1, 'islam'),
(27, 1, 27, 6343, 6365, 1, 'islam'),
(28, 1, 28, 6100, 5835, 1, 'islam'),
(29, 1, 29, 2537, 2501, 1, 'islam'),
(30, 1, 30, 3559, 3961, 1, 'islam'),
(31, 1, 31, 2447, 2426, 1, 'islam'),
(32, 1, 32, 1197, 1588, 1, 'islam'),
(33, 1, 33, 6125, 6925, 1, 'islam'),
(34, 1, 34, 6307, 7596, 1, 'islam'),
(35, 1, 35, 1364, 1998, 1, 'islam'),
(36, 1, 36, 2327, 2063, 1, 'islam'),
(37, 1, 37, 1342, 1500, 1, 'islam'),
(38, 1, 38, 3820, 3460, 1, 'islam'),
(39, 1, 1, 902, 978, 1, 'protestan'),
(40, 1, 2, 123, 173, 1, 'protestan'),
(41, 1, 3, 198, 124, 1, 'protestan'),
(42, 1, 4, 128, 151, 1, 'protestan'),
(43, 1, 5, 123, 118, 1, 'protestan'),
(44, 1, 6, 61, 76, 1, 'protestan'),
(45, 1, 7, 16, 24, 1, 'protestan'),
(46, 1, 8, 8, 12, 1, 'protestan'),
(47, 1, 9, 56, 71, 1, 'protestan'),
(48, 1, 10, 35, 48, 1, 'protestan'),
(49, 1, 11, 107, 127, 1, 'protestan'),
(50, 1, 12, 44, 45, 1, 'protestan'),
(51, 1, 13, 73, 81, 1, 'protestan'),
(52, 1, 14, 49, 20, 1, 'protestan'),
(53, 1, 15, 31, 33, 1, 'protestan'),
(54, 1, 16, 362, 389, 1, 'protestan'),
(55, 1, 17, 34, 39, 1, 'protestan'),
(56, 1, 18, 36, 30, 1, 'protestan'),
(57, 1, 19, 63, 48, 1, 'protestan'),
(58, 1, 20, 21, 23, 1, 'protestan'),
(59, 1, 21, 6, 4, 1, 'protestan'),
(60, 1, 22, 136, 216, 1, 'protestan'),
(61, 1, 23, 39, 48, 1, 'protestan'),
(62, 1, 24, 55, 87, 1, 'protestan'),
(63, 1, 25, 50, 42, 1, 'protestan'),
(64, 1, 26, 13, 16, 1, 'protestan'),
(65, 1, 27, 255, 203, 1, 'protestan'),
(66, 1, 28, 27, 43, 1, 'protestan'),
(67, 1, 29, 5, 14, 1, 'protestan'),
(68, 1, 30, 22, 101, 1, 'protestan'),
(69, 1, 31, 14, 9, 1, 'protestan'),
(70, 1, 32, 29, 23, 1, 'protestan'),
(71, 1, 33, 273, 486, 1, 'protestan'),
(72, 1, 34, 63, 95, 1, 'protestan'),
(73, 1, 35, 0, 0, 1, 'protestan'),
(74, 1, 36, 0, 0, 1, 'protestan'),
(75, 1, 37, 8, 4, 1, 'protestan'),
(76, 1, 38, 3, 5, 1, 'protestan'),
(77, 1, 1, 79, 91, 1, 'katolik'),
(78, 1, 2, 82, 123, 1, 'katolik'),
(79, 1, 3, 159, 166, 1, 'katolik'),
(80, 1, 4, 47, 57, 1, 'katolik'),
(81, 1, 5, 110, 127, 1, 'katolik'),
(82, 1, 6, 55, 71, 1, 'katolik'),
(83, 1, 7, 7, 7, 1, 'katolik'),
(84, 1, 8, 6, 9, 1, 'katolik'),
(85, 1, 9, 14, 26, 1, 'katolik'),
(86, 1, 10, 22, 25, 1, 'katolik'),
(87, 1, 11, 45, 67, 1, 'katolik'),
(88, 1, 12, 9, 6, 1, 'katolik'),
(89, 1, 13, 9, 7, 1, 'katolik'),
(90, 1, 14, 30, 6, 1, 'katolik'),
(91, 1, 15, 9, 16, 1, 'katolik'),
(92, 1, 16, 14, 24, 1, 'katolik'),
(93, 1, 17, 11, 10, 1, 'katolik'),
(94, 1, 18, 12, 15, 1, 'katolik'),
(95, 1, 19, 8, 7, 1, 'katolik'),
(96, 1, 20, 22, 17, 1, 'katolik'),
(97, 1, 21, 2, 0, 1, 'katolik'),
(98, 1, 22, 19, 31, 1, 'katolik'),
(99, 1, 23, 27, 24, 1, 'katolik'),
(100, 1, 24, 35, 39, 1, 'katolik'),
(101, 1, 25, 11, 6, 1, 'katolik'),
(102, 1, 26, 3, 8, 1, 'katolik'),
(103, 1, 27, 8, 21, 1, 'katolik'),
(104, 1, 28, 3, 2, 1, 'katolik'),
(105, 1, 29, 3, 3, 1, 'katolik'),
(106, 1, 30, 17, 20, 1, 'katolik'),
(107, 1, 31, 7, 11, 1, 'katolik'),
(108, 1, 32, 7, 11, 1, 'katolik'),
(109, 1, 33, 28, 54, 1, 'katolik'),
(110, 1, 34, 38, 41, 1, 'katolik'),
(111, 1, 35, 0, 0, 1, 'katolik'),
(112, 1, 36, 1, 1, 1, 'katolik'),
(113, 1, 37, 7, 10, 1, 'katolik'),
(114, 1, 38, 1, 1, 1, 'katolik'),
(115, 1, 1, 27, 27, 1, 'hindu'),
(116, 1, 2, 17, 22, 1, 'hindu'),
(117, 1, 3, 3, 3, 1, 'hindu'),
(118, 1, 4, 4, 5, 1, 'hindu'),
(119, 1, 5, 3, 0, 1, 'hindu'),
(120, 1, 6, 0, 2, 1, 'hindu'),
(121, 1, 7, 2, 6, 1, 'hindu'),
(122, 1, 8, 8, 6, 1, 'hindu'),
(123, 1, 9, 6, 3, 1, 'hindu'),
(124, 1, 10, 7, 9, 1, 'hindu'),
(125, 1, 11, 18, 27, 1, 'hindu'),
(126, 1, 12, 1, 2, 1, 'hindu'),
(127, 1, 13, 4, 0, 1, 'hindu'),
(128, 1, 14, 2, 0, 1, 'hindu'),
(129, 1, 15, 3, 1, 1, 'hindu'),
(130, 1, 16, 2, 2, 1, 'hindu'),
(131, 1, 17, 2, 0, 1, 'hindu'),
(132, 1, 18, 0, 0, 1, 'hindu'),
(133, 1, 19, 0, 3, 1, 'hindu'),
(134, 1, 20, 0, 0, 1, 'hindu'),
(135, 1, 21, 0, 0, 1, 'hindu'),
(136, 1, 22, 18, 26, 1, 'hindu'),
(137, 1, 23, 0, 1, 1, 'hindu'),
(138, 1, 24, 11, 33, 1, 'hindu'),
(139, 1, 25, 2, 2, 1, 'hindu'),
(140, 1, 26, 1, 1, 1, 'hindu'),
(141, 1, 27, 0, 5, 1, 'hindu'),
(142, 1, 28, 62, 105, 1, 'hindu'),
(143, 1, 29, 12, 15, 1, 'hindu'),
(144, 1, 30, 10, 10, 1, 'hindu'),
(145, 1, 31, 0, 1, 1, 'hindu'),
(146, 1, 32, 1, 2, 1, 'hindu'),
(147, 1, 33, 13, 22, 1, 'hindu'),
(148, 1, 34, 113, 153, 1, 'hindu'),
(149, 1, 35, 0, 0, 1, 'hindu'),
(150, 1, 36, 0, 0, 1, 'hindu'),
(151, 1, 37, 0, 0, 1, 'hindu'),
(152, 1, 38, 0, 0, 1, 'hindu'),
(153, 1, 1, 0, 3, 1, 'budha'),
(154, 1, 2, 2, 0, 1, 'budha'),
(155, 1, 3, 3, 4, 1, 'budha'),
(156, 1, 4, 1, 1, 1, 'budha'),
(157, 1, 5, 0, 1, 1, 'budha'),
(158, 1, 6, 0, 2, 1, 'budha'),
(159, 1, 7, 0, 1, 1, 'budha'),
(160, 1, 8, 1, 0, 1, 'budha'),
(161, 1, 9, 0, 3, 1, 'budha'),
(162, 1, 10, 0, 0, 1, 'budha'),
(163, 1, 11, 0, 0, 1, 'budha'),
(164, 1, 12, 0, 0, 1, 'budha'),
(165, 1, 13, 0, 0, 1, 'budha'),
(166, 1, 14, 0, 0, 1, 'budha'),
(167, 1, 15, 0, 0, 1, 'budha'),
(168, 1, 16, 0, 0, 1, 'budha'),
(169, 1, 17, 0, 0, 1, 'budha'),
(170, 1, 18, 0, 0, 1, 'budha'),
(171, 1, 19, 0, 0, 1, 'budha'),
(172, 1, 20, 0, 0, 1, 'budha'),
(173, 1, 21, 0, 0, 1, 'budha'),
(174, 1, 22, 1, 0, 1, 'budha'),
(175, 1, 23, 0, 1, 1, 'budha'),
(176, 1, 24, 6, 15, 1, 'budha'),
(177, 1, 25, 0, 0, 1, 'budha'),
(178, 1, 26, 0, 0, 1, 'budha'),
(179, 1, 27, 0, 1, 1, 'budha'),
(180, 1, 28, 0, 0, 1, 'budha'),
(181, 1, 29, 0, 0, 1, 'budha'),
(182, 1, 30, 0, 0, 1, 'budha'),
(183, 1, 31, 0, 0, 1, 'budha'),
(184, 1, 32, 1, 0, 1, 'budha'),
(185, 1, 33, 2, 0, 1, 'budha'),
(186, 1, 34, 8, 6, 1, 'budha'),
(187, 1, 35, 0, 0, 1, 'budha'),
(188, 1, 36, 0, 0, 1, 'budha'),
(189, 1, 37, 1, 0, 1, 'budha'),
(190, 1, 38, 0, 0, 1, 'budha'),
(191, 1, 1, 0, 0, 1, 'konghuchu'),
(192, 1, 2, 0, 0, 1, 'konghuchu'),
(193, 1, 3, 0, 0, 1, 'konghuchu'),
(194, 1, 4, 0, 0, 1, 'konghuchu'),
(195, 1, 5, 0, 0, 1, 'konghuchu'),
(196, 1, 6, 0, 0, 1, 'konghuchu'),
(197, 1, 7, 0, 0, 1, 'konghuchu'),
(198, 1, 8, 0, 0, 1, 'konghuchu'),
(199, 1, 9, 0, 0, 1, 'konghuchu'),
(200, 1, 10, 0, 0, 1, 'konghuchu'),
(201, 1, 11, 0, 0, 1, 'konghuchu'),
(202, 1, 12, 0, 0, 1, 'konghuchu'),
(203, 1, 13, 1, 0, 1, 'konghuchu'),
(204, 1, 14, 0, 0, 1, 'konghuchu'),
(205, 1, 15, 0, 0, 1, 'konghuchu'),
(206, 1, 16, 0, 0, 1, 'konghuchu'),
(207, 1, 17, 0, 0, 1, 'konghuchu'),
(208, 1, 18, 0, 0, 1, 'konghuchu'),
(209, 1, 19, 0, 0, 1, 'konghuchu'),
(210, 1, 20, 0, 0, 1, 'konghuchu'),
(211, 1, 21, 0, 0, 1, 'konghuchu'),
(212, 1, 22, 0, 0, 1, 'konghuchu'),
(213, 1, 23, 0, 0, 1, 'konghuchu'),
(214, 1, 24, 0, 0, 1, 'konghuchu'),
(215, 1, 25, 0, 0, 1, 'konghuchu'),
(216, 1, 26, 0, 0, 1, 'konghuchu'),
(217, 1, 27, 0, 0, 1, 'konghuchu'),
(218, 1, 28, 0, 0, 1, 'konghuchu'),
(219, 1, 29, 0, 0, 1, 'konghuchu'),
(220, 1, 30, 0, 0, 1, 'konghuchu'),
(221, 1, 31, 0, 0, 1, 'konghuchu'),
(222, 1, 32, 0, 0, 1, 'konghuchu'),
(223, 1, 33, 0, 0, 1, 'konghuchu'),
(224, 1, 34, 0, 2, 1, 'konghuchu'),
(225, 1, 35, 0, 0, 1, 'konghuchu'),
(226, 1, 36, 0, 0, 1, 'konghuchu'),
(227, 1, 37, 0, 0, 1, 'konghuchu'),
(228, 1, 38, 0, 0, 1, 'konghuchu'),
(229, 1, 1, 11391, 11111, 2, 'islam'),
(230, 1, 2, 9607, 8797, 2, 'islam'),
(231, 1, 3, 1775, 1348, 2, 'islam'),
(232, 1, 4, 1619, 1047, 2, 'islam'),
(233, 1, 5, 797, 648, 2, 'islam'),
(234, 1, 6, 752, 791, 2, 'islam'),
(235, 1, 7, 1296, 1149, 2, 'islam'),
(236, 1, 8, 2054, 1884, 2, 'islam'),
(237, 1, 9, 681, 797, 2, 'islam'),
(238, 1, 10, 2305, 2221, 2, 'islam'),
(239, 1, 11, 3146, 3243, 2, 'islam'),
(240, 1, 12, 4714, 4625, 2, 'islam'),
(241, 1, 13, 3265, 3309, 2, 'islam'),
(242, 1, 14, 6653, 6389, 2, 'islam'),
(243, 1, 15, 5216, 4344, 2, 'islam'),
(244, 1, 16, 2316, 2542, 2, 'islam'),
(245, 1, 17, 4438, 3252, 2, 'islam'),
(246, 1, 18, 4690, 4753, 2, 'islam'),
(247, 1, 19, 3257, 3214, 2, 'islam'),
(248, 1, 20, 3349, 3061, 2, 'islam'),
(249, 1, 21, 3592, 3587, 2, 'islam'),
(250, 1, 22, 3035, 3216, 2, 'islam'),
(251, 1, 23, 3407, 3551, 2, 'islam'),
(252, 1, 24, 4740, 4477, 2, 'islam'),
(253, 1, 25, 5317, 4594, 2, 'islam'),
(254, 1, 26, 2482, 2622, 2, 'islam'),
(255, 1, 27, 4721, 4332, 2, 'islam'),
(256, 1, 28, 10653, 10633, 2, 'islam'),
(257, 1, 29, 2605, 2448, 2, 'islam'),
(258, 1, 30, 3946, 4262, 2, 'islam'),
(259, 1, 31, 3558, 2844, 2, 'islam'),
(260, 1, 32, 1535, 1752, 2, 'islam'),
(261, 1, 33, 4912, 5335, 2, 'islam'),
(262, 1, 34, 4059, 4337, 2, 'islam'),
(263, 1, 35, 1534, 1658, 2, 'islam'),
(264, 1, 36, 1822, 2049, 2, 'islam'),
(265, 1, 37, 1523, 1636, 2, 'islam'),
(266, 1, 38, 4363, 4230, 2, 'islam'),
(267, 1, 1, 892, 742, 2, 'protestan'),
(268, 1, 2, 309, 306, 2, 'protestan'),
(269, 1, 3, 87, 88, 2, 'protestan'),
(270, 1, 4, 44, 51, 2, 'protestan'),
(271, 1, 5, 24, 12, 2, 'protestan'),
(272, 1, 6, 42, 68, 2, 'protestan'),
(273, 1, 7, 2, 2, 2, 'protestan'),
(274, 1, 8, 55, 29, 2, 'protestan'),
(275, 1, 9, 27, 21, 2, 'protestan'),
(276, 1, 10, 20, 13, 2, 'protestan'),
(277, 1, 11, 47, 95, 2, 'protestan'),
(278, 1, 12, 41, 28, 2, 'protestan'),
(279, 1, 13, 42, 77, 2, 'protestan'),
(280, 1, 14, 13, 15, 2, 'protestan'),
(281, 1, 15, 21, 15, 2, 'protestan'),
(282, 1, 16, 6, 1, 2, 'protestan'),
(283, 1, 17, 33, 18, 2, 'protestan'),
(284, 1, 18, 24, 14, 2, 'protestan'),
(285, 1, 19, 8, 17, 2, 'protestan'),
(286, 1, 20, 11, 5, 2, 'protestan'),
(287, 1, 21, 1, 2, 2, 'protestan'),
(288, 1, 22, 38, 28, 2, 'protestan'),
(289, 1, 23, 20, 10, 2, 'protestan'),
(290, 1, 24, 49, 35, 2, 'protestan'),
(291, 1, 25, 31, 14, 2, 'protestan'),
(292, 1, 26, 6, 2, 2, 'protestan'),
(293, 1, 27, 91, 99, 2, 'protestan'),
(294, 1, 28, 39, 18, 2, 'protestan'),
(295, 1, 29, 6, 3, 2, 'protestan'),
(296, 1, 30, 38, 45, 2, 'protestan'),
(297, 1, 31, 15, 27, 2, 'protestan'),
(298, 1, 32, 16, 11, 2, 'protestan'),
(299, 1, 33, 44, 39, 2, 'protestan'),
(300, 1, 34, 21, 28, 2, 'protestan'),
(301, 1, 35, 16, 23, 2, 'protestan'),
(302, 1, 36, 2, 4, 2, 'protestan'),
(303, 1, 37, 2, 5, 2, 'protestan'),
(304, 1, 38, 5, 3, 2, 'protestan'),
(305, 1, 1, 567, 533, 2, 'katolik'),
(306, 1, 2, 139, 114, 2, 'katolik'),
(307, 1, 3, 45, 38, 2, 'katolik'),
(308, 1, 4, 8, 10, 2, 'katolik'),
(309, 1, 5, 15, 12, 2, 'katolik'),
(310, 1, 6, 23, 29, 2, 'katolik'),
(311, 1, 7, 1, 1, 2, 'katolik'),
(312, 1, 8, 6, 1, 2, 'katolik'),
(313, 1, 9, 7, 1, 2, 'katolik'),
(314, 1, 10, 2, 2, 2, 'katolik'),
(315, 1, 11, 3, 8, 2, 'katolik'),
(316, 1, 12, 1, 4, 2, 'katolik'),
(317, 1, 13, 8, 6, 2, 'katolik'),
(318, 1, 14, 1, 3, 2, 'katolik'),
(319, 1, 15, 2, 7, 2, 'katolik'),
(320, 1, 16, 2, 4, 2, 'katolik'),
(321, 1, 17, 22, 4, 2, 'katolik'),
(322, 1, 18, 11, 18, 2, 'katolik'),
(323, 1, 19, 7, 5, 2, 'katolik'),
(324, 1, 20, 2, 0, 2, 'katolik'),
(325, 1, 21, 2, 1, 2, 'katolik'),
(326, 1, 22, 2, 2, 2, 'katolik'),
(327, 1, 23, 0, 3, 2, 'katolik'),
(328, 1, 24, 43, 25, 2, 'katolik'),
(329, 1, 25, 3, 3, 2, 'katolik'),
(330, 1, 26, 3, 0, 2, 'katolik'),
(331, 1, 27, 11, 14, 2, 'katolik'),
(332, 1, 28, 12, 5, 2, 'katolik'),
(333, 1, 29, 0, 0, 2, 'katolik'),
(334, 1, 30, 1, 0, 2, 'katolik'),
(335, 1, 31, 1, 1, 2, 'katolik'),
(336, 1, 32, 13, 8, 2, 'katolik'),
(337, 1, 33, 10, 18, 2, 'katolik'),
(338, 1, 34, 11, 5, 2, 'katolik'),
(339, 1, 35, 0, 0, 2, 'katolik'),
(340, 1, 36, 0, 0, 2, 'katolik'),
(341, 1, 37, 0, 0, 2, 'katolik'),
(342, 1, 38, 0, 0, 2, 'katolik'),
(343, 1, 1, 14, 34, 2, 'hindu'),
(344, 1, 2, 38, 44, 2, 'hindu'),
(345, 1, 3, 15, 21, 2, 'hindu'),
(346, 1, 4, 2, 1, 2, 'hindu'),
(347, 1, 5, 0, 0, 2, 'hindu'),
(348, 1, 6, 8, 19, 2, 'hindu'),
(349, 1, 7, 3, 0, 2, 'hindu'),
(350, 1, 8, 6, 17, 2, 'hindu'),
(351, 1, 9, 3, 1, 2, 'hindu'),
(352, 1, 10, 2, 8, 2, 'hindu'),
(353, 1, 11, 3, 2, 2, 'hindu'),
(354, 1, 12, 0, 0, 2, 'hindu'),
(355, 1, 13, 2, 5, 2, 'hindu'),
(356, 1, 14, 0, 0, 2, 'hindu'),
(357, 1, 15, 0, 0, 2, 'hindu'),
(358, 1, 16, 0, 0, 2, 'hindu'),
(359, 1, 17, 1, 0, 2, 'hindu'),
(360, 1, 18, 1, 0, 2, 'hindu'),
(361, 1, 19, 0, 0, 2, 'hindu'),
(362, 1, 20, 1, 0, 2, 'hindu'),
(363, 1, 21, 0, 0, 2, 'hindu'),
(364, 1, 22, 12, 11, 2, 'hindu'),
(365, 1, 23, 4, 0, 2, 'hindu'),
(366, 1, 24, 17, 17, 2, 'hindu'),
(367, 1, 25, 0, 0, 2, 'hindu'),
(368, 1, 26, 0, 0, 2, 'hindu'),
(369, 1, 27, 7, 1, 2, 'hindu'),
(370, 1, 28, 3, 7, 2, 'hindu'),
(371, 1, 29, 62, 50, 2, 'hindu'),
(372, 1, 30, 12, 13, 2, 'hindu'),
(373, 1, 31, 1, 0, 2, 'hindu'),
(374, 1, 32, 0, 0, 2, 'hindu'),
(375, 1, 33, 1, 1, 2, 'hindu'),
(376, 1, 34, 32, 16, 2, 'hindu'),
(377, 1, 35, 0, 0, 2, 'hindu'),
(378, 1, 36, 0, 0, 2, 'hindu'),
(379, 1, 37, 0, 0, 2, 'hindu'),
(380, 1, 38, 0, 0, 2, 'hindu'),
(381, 1, 1, 10, 16, 2, 'budha'),
(382, 1, 2, 3, 0, 2, 'budha'),
(383, 1, 3, 5, 19, 2, 'budha'),
(384, 1, 4, 0, 0, 2, 'budha'),
(385, 1, 5, 0, 0, 2, 'budha'),
(386, 1, 6, 0, 5, 2, 'budha'),
(387, 1, 7, 0, 0, 2, 'budha'),
(388, 1, 8, 0, 0, 2, 'budha'),
(389, 1, 9, 1, 1, 2, 'budha'),
(390, 1, 10, 0, 0, 2, 'budha'),
(391, 1, 11, 1, 0, 2, 'budha'),
(392, 1, 12, 0, 0, 2, 'budha'),
(393, 1, 13, 1, 0, 2, 'budha'),
(394, 1, 14, 0, 0, 2, 'budha'),
(395, 1, 15, 0, 0, 2, 'budha'),
(396, 1, 16, 0, 0, 2, 'budha'),
(397, 1, 17, 0, 0, 2, 'budha'),
(398, 1, 18, 0, 0, 2, 'budha'),
(399, 1, 19, 6, 2, 2, 'budha'),
(400, 1, 20, 1, 2, 2, 'budha'),
(401, 1, 21, 0, 0, 2, 'budha'),
(402, 1, 22, 1, 0, 2, 'budha'),
(403, 1, 23, 0, 0, 2, 'budha'),
(404, 1, 24, 2, 4, 2, 'budha'),
(405, 1, 25, 0, 0, 2, 'budha'),
(406, 1, 26, 1, 0, 2, 'budha'),
(407, 1, 27, 0, 1, 2, 'budha'),
(408, 1, 28, 2, 0, 2, 'budha'),
(409, 1, 29, 0, 0, 2, 'budha'),
(410, 1, 30, 0, 0, 2, 'budha'),
(411, 1, 31, 0, 0, 2, 'budha'),
(412, 1, 32, 0, 0, 2, 'budha'),
(413, 1, 33, 0, 0, 2, 'budha'),
(414, 1, 34, 7, 0, 2, 'budha'),
(415, 1, 35, 0, 0, 2, 'budha'),
(416, 1, 36, 0, 0, 2, 'budha'),
(417, 1, 37, 0, 0, 2, 'budha'),
(418, 1, 38, 0, 0, 2, 'budha'),
(419, 1, 1, 0, 0, 2, 'konghuchu'),
(420, 1, 2, 0, 0, 2, 'konghuchu'),
(421, 1, 3, 0, 0, 2, 'konghuchu'),
(422, 1, 4, 0, 0, 2, 'konghuchu'),
(423, 1, 5, 0, 0, 2, 'konghuchu'),
(424, 1, 6, 0, 0, 2, 'konghuchu'),
(425, 1, 7, 0, 0, 2, 'konghuchu'),
(426, 1, 8, 0, 0, 2, 'konghuchu'),
(427, 1, 9, 0, 0, 2, 'konghuchu'),
(428, 1, 10, 0, 0, 2, 'konghuchu'),
(429, 1, 11, 0, 0, 2, 'konghuchu'),
(430, 1, 12, 0, 0, 2, 'konghuchu'),
(431, 1, 13, 0, 0, 2, 'konghuchu'),
(432, 1, 14, 0, 0, 2, 'konghuchu'),
(433, 1, 15, 0, 0, 2, 'konghuchu'),
(434, 1, 16, 0, 0, 2, 'konghuchu'),
(435, 1, 17, 0, 0, 2, 'konghuchu'),
(436, 1, 18, 0, 0, 2, 'konghuchu'),
(437, 1, 19, 0, 0, 2, 'konghuchu'),
(438, 1, 20, 0, 0, 2, 'konghuchu'),
(439, 1, 21, 0, 0, 2, 'konghuchu'),
(440, 1, 22, 0, 0, 2, 'konghuchu'),
(441, 1, 23, 0, 0, 2, 'konghuchu'),
(442, 1, 24, 0, 0, 2, 'konghuchu'),
(443, 1, 25, 0, 0, 2, 'konghuchu'),
(444, 1, 26, 0, 0, 2, 'konghuchu'),
(445, 1, 27, 0, 0, 2, 'konghuchu'),
(446, 1, 28, 0, 0, 2, 'konghuchu'),
(447, 1, 29, 0, 0, 2, 'konghuchu'),
(448, 1, 30, 0, 0, 2, 'konghuchu'),
(449, 1, 31, 0, 0, 2, 'konghuchu'),
(450, 1, 32, 0, 0, 2, 'konghuchu'),
(451, 1, 33, 0, 0, 2, 'konghuchu'),
(452, 1, 34, 0, 0, 2, 'konghuchu'),
(453, 1, 35, 0, 0, 2, 'konghuchu'),
(454, 1, 36, 0, 0, 2, 'konghuchu'),
(455, 1, 37, 0, 0, 2, 'konghuchu'),
(456, 1, 38, 0, 0, 2, 'konghuchu');

-- --------------------------------------------------------

--
-- Table structure for table `daerah`
--

CREATE TABLE `daerah` (
  `id` int(11) NOT NULL,
  `nama` text NOT NULL,
  `lat` double NOT NULL,
  `long` double NOT NULL
) ENGINE=InnoDB DEFAULT CHARSET=latin1;

--
-- Dumping data for table `daerah`
--

INSERT INTO `daerah` (`id`, `nama`, `lat`, `long`) VALUES
(1, 'Kota Surabaya', -7.257472, 112.75209),
(2, 'Kota Malang', -7.96662, 112.632629),
(3, 'Kota Madiun', -7.6299, 111.517113),
(4, 'Kota Kediri', -7.81222, 112.018112),
(5, 'Kota Mojokerto', -7.45811, 112.43911),
(6, 'Kota Blitar', -8.10146, 112.16768),
(7, 'Kota Pasuruan', -7.64313, 112.910461),
(8, 'Kota Probolinggo', -7.744, 113.52427),
(9, 'Kota Batu', -7.883065, 112.533447),
(10, 'Kab. Gresik', -7.16076, 112.64705),
(11, 'Kab. Sidoarjo', -7.45545, 112.66711),
(12, 'Kab. Mojokerto', -7.45811, 112.43911),
(13, 'Kab. Jombang', -7.53757, 112.23085),
(14, 'Kab. Bojonegoro', -7.53757, 112.23085),
(15, 'Kab. Tuban', -7.53757, 112.23085),
(16, 'Kab. Lamongan', -7.53757, 112.23085),
(17, 'Kab. Madiun', -7.631059, 111.530014),
(18, 'Kab. Ngawi', -7.460987, 111.332199),
(19, 'Kab. Magetan', -7.66364, 111.324669),
(20, 'Kab. Ponorogo', -7.865076, 111.469635),
(21, 'Kab. Pacitan', -8.20125, 111.102043),
(22, 'Kab. Kediri', -7.82738, 112.010651),
(23, 'Kab. Nganjuk', -7.594351, 111.904556),
(24, 'Kab. Blitar', -8.095463, 112.160904),
(25, 'Kab. Tulungagung', -8.091221, 111.964172),
(26, 'Kab. Trenggalek', -8.07641, 111.706039),
(27, 'Kab. Malang', -8.0167, 112.6833),
(28, 'Kab. Pasuruan', -7.646919, 112.899925),
(29, 'Kab. Probolinggo', -7.8717562, 113.4776098),
(30, 'Kab. Lumajang', -8.135391, 113.224438),
(31, 'Kab. Bondowoso', -7.914627, 113.822147),
(32, 'Kab. Situbondo', -7.707228, 114.005438),
(33, 'Kab. Jember', -8.169268, 113.702198),
(34, 'Kab. Banyuwangi', -8.209605, 114.373713),
(35, 'Kab. Pamekasan', -7.160957, 113.482622),
(36, 'Kab. Sampang', -7.195616, 113.2511),
(37, 'Kab. Sumenep', -7.006781, 113.859846),
(38, 'Kab. Bangkalan', -7.029896, 112.74731);

-- --------------------------------------------------------

--
-- Table structure for table `gelar`
--

CREATE TABLE `gelar` (
  `id` int(100) NOT NULL,
  `id_tahun` int(100) NOT NULL,
  `id_daerah` int(100) NOT NULL,
  `lakilaki` int(100) NOT NULL,
  `perempuan` int(100) NOT NULL,
  `jenis` int(100) NOT NULL,
  `gelar` text NOT NULL
) ENGINE=InnoDB DEFAULT CHARSET=latin1;

--
-- Dumping data for table `gelar`
--

INSERT INTO `gelar` (`id`, `id_tahun`, `id_daerah`, `lakilaki`, `perempuan`, `jenis`, `gelar`) VALUES
(1, 1, 1, 0, 0, 1, 'sltp'),
(2, 1, 2, 0, 0, 1, 'sltp'),
(3, 1, 3, 0, 0, 1, 'sltp'),
(4, 1, 4, 0, 0, 1, 'sltp'),
(5, 1, 5, 0, 0, 1, 'sltp'),
(6, 1, 6, 0, 0, 1, 'sltp'),
(7, 1, 7, 1, 0, 1, 'sltp'),
(8, 1, 8, 0, 0, 1, 'sltp'),
(9, 1, 9, 0, 0, 1, 'sltp'),
(10, 1, 10, 0, 0, 1, 'sltp'),
(11, 1, 11, 1, 0, 1, 'sltp'),
(12, 1, 12, 0, 0, 1, 'sltp'),
(13, 1, 13, 0, 0, 1, 'sltp'),
(14, 1, 14, 0, 0, 1, 'sltp'),
(15, 1, 15, 0, 0, 1, 'sltp'),
(16, 1, 16, 0, 0, 1, 'sltp'),
(17, 1, 17, 0, 0, 1, 'sltp'),
(18, 1, 18, 0, 0, 1, 'sltp'),
(19, 1, 19, 0, 0, 1, 'sltp'),
(20, 1, 20, 0, 0, 1, 'sltp'),
(21, 1, 21, 0, 0, 1, 'sltp'),
(22, 1, 22, 1, 0, 1, 'sltp'),
(23, 1, 23, 0, 0, 1, 'sltp'),
(24, 1, 24, 0, 0, 1, 'sltp'),
(25, 1, 25, 0, 0, 1, 'sltp'),
(26, 1, 26, 0, 0, 1, 'sltp'),
(27, 1, 27, 1, 0, 1, 'sltp'),
(28, 1, 28, 0, 0, 1, 'sltp'),
(29, 1, 29, 1, 0, 1, 'sltp'),
(30, 1, 30, 0, 0, 1, 'sltp'),
(31, 1, 31, 0, 0, 1, 'sltp'),
(32, 1, 32, 0, 0, 1, 'sltp'),
(33, 1, 33, 1, 0, 1, 'sltp'),
(34, 1, 34, 1, 1, 1, 'sltp'),
(35, 1, 35, 2, 0, 1, 'sltp'),
(36, 1, 36, 1, 0, 1, 'sltp'),
(37, 1, 37, 0, 0, 1, 'sltp'),
(38, 1, 38, 0, 0, 1, 'sltp'),
(39, 1, 1, 0, 0, 1, 'd1'),
(40, 1, 2, 1, 1, 1, 'd1'),
(41, 1, 3, 0, 0, 1, 'd1'),
(42, 1, 4, 0, 0, 1, 'd1'),
(43, 1, 5, 0, 0, 1, 'd1'),
(44, 1, 6, 0, 0, 1, 'd1'),
(45, 1, 7, 0, 0, 1, 'd1'),
(46, 1, 8, 0, 0, 1, 'd1'),
(47, 1, 9, 0, 0, 1, 'd1'),
(48, 1, 10, 0, 0, 1, 'd1'),
(49, 1, 11, 0, 0, 1, 'd1'),
(50, 1, 12, 0, 0, 1, 'd1'),
(51, 1, 13, 0, 0, 1, 'd1'),
(52, 1, 14, 0, 0, 1, 'd1'),
(53, 1, 15, 1, 0, 1, 'd1'),
(54, 1, 16, 0, 0, 1, 'd1'),
(55, 1, 17, 0, 0, 1, 'd1'),
(56, 1, 18, 0, 0, 1, 'd1'),
(57, 1, 19, 0, 0, 1, 'd1'),
(58, 1, 20, 0, 0, 1, 'd1'),
(59, 1, 21, 0, 0, 1, 'd1'),
(60, 1, 22, 0, 0, 1, 'd1'),
(61, 1, 23, 0, 0, 1, 'd1'),
(62, 1, 24, 1, 0, 1, 'd1'),
(63, 1, 25, 0, 0, 1, 'd1'),
(64, 1, 26, 0, 0, 1, 'd1'),
(65, 1, 27, 0, 0, 1, 'd1'),
(66, 1, 28, 0, 0, 1, 'd1'),
(67, 1, 29, 0, 0, 1, 'd1'),
(68, 1, 30, 0, 0, 1, 'd1'),
(69, 1, 31, 0, 0, 1, 'd1'),
(70, 1, 32, 0, 0, 1, 'd1'),
(71, 1, 33, 0, 0, 1, 'd1'),
(72, 1, 34, 1, 0, 1, 'd1'),
(73, 1, 35, 1, 0, 1, 'd1'),
(74, 1, 36, 0, 0, 1, 'd1'),
(75, 1, 37, 0, 0, 1, 'd1'),
(76, 1, 38, 0, 0, 1, 'd1'),
(77, 1, 1, 0, 0, 1, 'd2'),
(78, 1, 2, 0, 0, 1, 'd2'),
(79, 1, 3, 0, 0, 1, 'd2'),
(80, 1, 4, 0, 0, 1, 'd2'),
(81, 1, 5, 0, 0, 1, 'd2'),
(82, 1, 6, 0, 0, 1, 'd2'),
(83, 1, 7, 0, 0, 1, 'd2'),
(84, 1, 8, 0, 0, 1, 'd2'),
(85, 1, 9, 0, 0, 1, 'd2'),
(86, 1, 10, 0, 0, 1, 'd2'),
(87, 1, 11, 1, 0, 1, 'd2'),
(88, 1, 12, 0, 0, 1, 'd2'),
(89, 1, 13, 0, 0, 1, 'd2'),
(90, 1, 14, 1, 0, 1, 'd2'),
(91, 1, 15, 1, 0, 1, 'd2'),
(92, 1, 16, 0, 0, 1, 'd2'),
(93, 1, 17, 0, 0, 1, 'd2'),
(94, 1, 18, 0, 0, 1, 'd2'),
(95, 1, 19, 0, 0, 1, 'd2'),
(96, 1, 20, 0, 0, 1, 'd2'),
(97, 1, 21, 0, 0, 1, 'd2'),
(98, 1, 22, 0, 0, 1, 'd2'),
(99, 1, 23, 0, 0, 1, 'd2'),
(100, 1, 24, 0, 0, 1, 'd2'),
(101, 1, 25, 0, 0, 1, 'd2'),
(102, 1, 26, 0, 0, 1, 'd2'),
(103, 1, 27, 0, 0, 1, 'd2'),
(104, 1, 28, 0, 0, 1, 'd2'),
(105, 1, 29, 0, 0, 1, 'd2'),
(106, 1, 30, 0, 0, 1, 'd2'),
(107, 1, 31, 0, 0, 1, 'd2'),
(108, 1, 32, 0, 0, 1, 'd2'),
(109, 1, 33, 1, 1, 1, 'd2'),
(110, 1, 34, 0, 0, 1, 'd2'),
(111, 1, 35, 0, 0, 1, 'd2'),
(112, 1, 36, 0, 0, 1, 'd2'),
(113, 1, 37, 0, 0, 1, 'd2'),
(114, 1, 38, 0, 1, 1, 'd2'),
(115, 1, 1, 0, 0, 1, 'd3 keguruan'),
(116, 1, 2, 0, 0, 1, 'd3 keguruan'),
(117, 1, 3, 0, 0, 1, 'd3 keguruan'),
(118, 1, 4, 0, 0, 1, 'd3 keguruan'),
(119, 1, 5, 0, 0, 1, 'd3 keguruan'),
(120, 1, 6, 0, 0, 1, 'd3 keguruan'),
(121, 1, 7, 0, 0, 1, 'd3 keguruan'),
(122, 1, 8, 0, 0, 1, 'd3 keguruan'),
(123, 1, 9, 0, 0, 1, 'd3 keguruan'),
(124, 1, 10, 0, 0, 1, 'd3 keguruan'),
(125, 1, 11, 0, 0, 1, 'd3 keguruan'),
(126, 1, 12, 0, 1, 1, 'd3 keguruan'),
(127, 1, 13, 0, 0, 1, 'd3 keguruan'),
(128, 1, 14, 1, 0, 1, 'd3 keguruan'),
(129, 1, 15, 0, 0, 1, 'd3 keguruan'),
(130, 1, 16, 0, 0, 1, 'd3 keguruan'),
(131, 1, 17, 0, 0, 1, 'd3 keguruan'),
(132, 1, 18, 0, 0, 1, 'd3 keguruan'),
(133, 1, 19, 0, 0, 1, 'd3 keguruan'),
(134, 1, 20, 0, 0, 1, 'd3 keguruan'),
(135, 1, 21, 0, 0, 1, 'd3 keguruan'),
(136, 1, 22, 0, 0, 1, 'd3 keguruan'),
(137, 1, 23, 0, 0, 1, 'd3 keguruan'),
(138, 1, 24, 0, 0, 1, 'd3 keguruan'),
(139, 1, 25, 0, 0, 1, 'd3 keguruan'),
(140, 1, 26, 0, 0, 1, 'd3 keguruan'),
(141, 1, 27, 1, 0, 1, 'd3 keguruan'),
(142, 1, 28, 0, 0, 1, 'd3 keguruan'),
(143, 1, 29, 0, 0, 1, 'd3 keguruan'),
(144, 1, 30, 0, 0, 1, 'd3 keguruan'),
(145, 1, 31, 0, 0, 1, 'd3 keguruan'),
(146, 1, 32, 0, 0, 1, 'd3 keguruan'),
(147, 1, 33, 0, 0, 1, 'd3 keguruan'),
(148, 1, 34, 0, 0, 1, 'd3 keguruan'),
(149, 1, 35, 0, 0, 1, 'd3 keguruan'),
(150, 1, 36, 0, 0, 1, 'd3 keguruan'),
(151, 1, 37, 0, 0, 1, 'd3 keguruan'),
(152, 1, 38, 1, 0, 1, 'd3 keguruan'),
(153, 1, 1, 0, 0, 1, 'd3 lain'),
(154, 1, 2, 0, 0, 1, 'd3 lain'),
(155, 1, 3, 0, 0, 1, 'd3 lain'),
(156, 1, 4, 0, 0, 1, 'd3 lain'),
(157, 1, 5, 0, 0, 1, 'd3 lain'),
(158, 1, 6, 0, 0, 1, 'd3 lain'),
(159, 1, 7, 0, 0, 1, 'd3 lain'),
(160, 1, 8, 0, 0, 1, 'd3 lain'),
(161, 1, 9, 0, 0, 1, 'd3 lain'),
(162, 1, 10, 0, 0, 1, 'd3 lain'),
(163, 1, 11, 0, 0, 1, 'd3 lain'),
(164, 1, 12, 0, 0, 1, 'd3 lain'),
(165, 1, 13, 0, 0, 1, 'd3 lain'),
(166, 1, 14, 0, 0, 1, 'd3 lain'),
(167, 1, 15, 0, 0, 1, 'd3 lain'),
(168, 1, 16, 0, 0, 1, 'd3 lain'),
(169, 1, 17, 0, 0, 1, 'd3 lain'),
(170, 1, 18, 0, 0, 1, 'd3 lain'),
(171, 1, 19, 0, 0, 1, 'd3 lain'),
(172, 1, 20, 0, 0, 1, 'd3 lain'),
(173, 1, 21, 0, 0, 1, 'd3 lain'),
(174, 1, 22, 0, 0, 1, 'd3 lain'),
(175, 1, 23, 0, 0, 1, 'd3 lain'),
(176, 1, 24, 0, 0, 1, 'd3 lain'),
(177, 1, 25, 0, 0, 1, 'd3 lain'),
(178, 1, 26, 0, 0, 1, 'd3 lain'),
(179, 1, 27, 0, 0, 1, 'd3 lain'),
(180, 1, 28, 0, 1, 1, 'd3 lain'),
(181, 1, 29, 0, 0, 1, 'd3 lain'),
(182, 1, 30, 0, 0, 1, 'd3 lain'),
(183, 1, 31, 0, 0, 1, 'd3 lain'),
(184, 1, 32, 0, 0, 1, 'd3 lain'),
(185, 1, 33, 0, 0, 1, 'd3 lain'),
(186, 1, 34, 0, 0, 1, 'd3 lain'),
(187, 1, 35, 0, 0, 1, 'd3 lain'),
(188, 1, 36, 0, 0, 1, 'd3 lain'),
(189, 1, 37, 0, 0, 1, 'd3 lain'),
(190, 1, 38, 4, 2, 1, 'd3 lain'),
(191, 1, 1, 2, 0, 1, 'b1 keguruan'),
(192, 1, 2, 1, 0, 1, 'b1 keguruan'),
(193, 1, 3, 0, 0, 1, 'b1 keguruan'),
(194, 1, 4, 5, 2, 1, 'b1 keguruan'),
(195, 1, 5, 0, 0, 1, 'b1 keguruan'),
(196, 1, 6, 1, 6, 1, 'b1 keguruan'),
(197, 1, 7, 0, 1, 1, 'b1 keguruan'),
(198, 1, 8, 0, 0, 1, 'b1 keguruan'),
(199, 1, 9, 0, 0, 1, 'b1 keguruan'),
(200, 1, 10, 1, 0, 1, 'b1 keguruan'),
(201, 1, 11, 1, 1, 1, 'b1 keguruan'),
(202, 1, 12, 4, 1, 1, 'b1 keguruan'),
(203, 1, 13, 2, 1, 1, 'b1 keguruan'),
(204, 1, 14, 2, 2, 1, 'b1 keguruan'),
(205, 1, 15, 2, 1, 1, 'b1 keguruan'),
(206, 1, 16, 3, 0, 1, 'b1 keguruan'),
(207, 1, 17, 0, 2, 1, 'b1 keguruan'),
(208, 1, 18, 2, 0, 1, 'b1 keguruan'),
(209, 1, 19, 5, 4, 1, 'b1 keguruan'),
(210, 1, 20, 1, 3, 1, 'b1 keguruan'),
(211, 1, 21, 1, 1, 1, 'b1 keguruan'),
(212, 1, 22, 2, 0, 1, 'b1 keguruan'),
(213, 1, 23, 0, 0, 1, 'b1 keguruan'),
(214, 1, 24, 2, 1, 1, 'b1 keguruan'),
(215, 1, 25, 2, 0, 1, 'b1 keguruan'),
(216, 1, 26, 0, 1, 1, 'b1 keguruan'),
(217, 1, 27, 0, 0, 1, 'b1 keguruan'),
(218, 1, 28, 2, 1, 1, 'b1 keguruan'),
(219, 1, 29, 1, 0, 1, 'b1 keguruan'),
(220, 1, 30, 4, 1, 1, 'b1 keguruan'),
(221, 1, 31, 2, 0, 1, 'b1 keguruan'),
(222, 1, 32, 1, 1, 1, 'b1 keguruan'),
(223, 1, 33, 3, 0, 1, 'b1 keguruan'),
(224, 1, 34, 4, 3, 1, 'b1 keguruan'),
(225, 1, 35, 0, 0, 1, 'b1 keguruan'),
(226, 1, 36, 0, 0, 1, 'b1 keguruan'),
(227, 1, 37, 1, 0, 1, 'b1 keguruan'),
(228, 1, 38, 2, 3, 1, 'b1 keguruan'),
(229, 1, 1, 0, 0, 1, 'b1 lain'),
(230, 1, 2, 0, 1, 1, 'b1 lain'),
(231, 1, 3, 0, 0, 1, 'b1 lain'),
(232, 1, 4, 0, 0, 1, 'b1 lain'),
(233, 1, 5, 0, 0, 1, 'b1 lain'),
(234, 1, 6, 0, 2, 1, 'b1 lain'),
(235, 1, 7, 0, 0, 1, 'b1 lain'),
(236, 1, 8, 0, 0, 1, 'b1 lain'),
(237, 1, 9, 0, 0, 1, 'b1 lain'),
(238, 1, 10, 0, 0, 1, 'b1 lain'),
(239, 1, 11, 1, 1, 1, 'b1 lain'),
(240, 1, 12, 0, 0, 1, 'b1 lain'),
(241, 1, 13, 0, 0, 1, 'b1 lain'),
(242, 1, 14, 1, 0, 1, 'b1 lain'),
(243, 1, 15, 1, 0, 1, 'b1 lain'),
(244, 1, 16, 0, 0, 1, 'b1 lain'),
(245, 1, 17, 2, 4, 1, 'b1 lain'),
(246, 1, 18, 0, 0, 1, 'b1 lain'),
(247, 1, 19, 0, 0, 1, 'b1 lain'),
(248, 1, 20, 0, 0, 1, 'b1 lain'),
(249, 1, 21, 0, 0, 1, 'b1 lain'),
(250, 1, 22, 4, 9, 1, 'b1 lain'),
(251, 1, 23, 0, 0, 1, 'b1 lain'),
(252, 1, 24, 0, 0, 1, 'b1 lain'),
(253, 1, 25, 0, 1, 1, 'b1 lain'),
(254, 1, 26, 0, 0, 1, 'b1 lain'),
(255, 1, 27, 0, 0, 1, 'b1 lain'),
(256, 1, 28, 0, 0, 1, 'b1 lain'),
(257, 1, 29, 1, 1, 1, 'b1 lain'),
(258, 1, 30, 0, 0, 1, 'b1 lain'),
(259, 1, 31, 0, 0, 1, 'b1 lain'),
(260, 1, 32, 2, 0, 1, 'b1 lain'),
(261, 1, 33, 1, 0, 1, 'b1 lain'),
(262, 1, 34, 1, 0, 1, 'b1 lain'),
(263, 1, 35, 0, 0, 1, 'b1 lain'),
(264, 1, 36, 0, 1, 1, 'b1 lain'),
(265, 1, 37, 0, 0, 1, 'b1 lain'),
(266, 1, 38, 20, 34, 1, 'b1 lain'),
(267, 1, 1, 520, 759, 1, 's1 keguruan'),
(268, 1, 2, 261, 339, 1, 's1 keguruan'),
(269, 1, 3, 147, 158, 1, 's1 keguruan'),
(270, 1, 4, 191, 234, 1, 's1 keguruan'),
(271, 1, 5, 92, 73, 1, 's1 keguruan'),
(272, 1, 6, 105, 103, 1, 's1 keguruan'),
(273, 1, 7, 75, 94, 1, 's1 keguruan'),
(274, 1, 8, 77, 99, 1, 's1 keguruan'),
(275, 1, 9, 59, 73, 1, 's1 keguruan'),
(276, 1, 10, 214, 228, 1, 's1 keguruan'),
(277, 1, 11, 287, 307, 1, 's1 keguruan'),
(278, 1, 12, 247, 367, 1, 's1 keguruan'),
(279, 1, 13, 212, 332, 1, 's1 keguruan'),
(280, 1, 14, 317, 292, 1, 's1 keguruan'),
(281, 1, 15, 294, 348, 1, 's1 keguruan'),
(282, 1, 16, 267, 315, 1, 's1 keguruan'),
(283, 1, 17, 161, 200, 1, 's1 keguruan'),
(284, 1, 18, 174, 195, 1, 's1 keguruan'),
(285, 1, 19, 175, 232, 1, 's1 keguruan'),
(286, 1, 20, 280, 255, 1, 's1 keguruan'),
(287, 1, 21, 133, 112, 1, 's1 keguruan'),
(288, 1, 22, 269, 345, 1, 's1 keguruan'),
(289, 1, 23, 361, 363, 1, 's1 keguruan'),
(290, 1, 24, 159, 180, 1, 's1 keguruan'),
(291, 1, 25, 241, 335, 1, 's1 keguruan'),
(292, 1, 26, 207, 224, 1, 's1 keguruan'),
(293, 1, 27, 354, 358, 1, 's1 keguruan'),
(294, 1, 28, 189, 201, 1, 's1 keguruan'),
(295, 1, 29, 191, 208, 1, 's1 keguruan'),
(296, 1, 30, 238, 226, 1, 's1 keguruan'),
(297, 1, 31, 170, 183, 1, 's1 keguruan'),
(298, 1, 32, 145, 188, 1, 's1 keguruan'),
(299, 1, 33, 343, 273, 1, 's1 keguruan'),
(300, 1, 34, 367, 288, 1, 's1 keguruan'),
(301, 1, 35, 104, 189, 1, 's1 keguruan'),
(302, 1, 36, 195, 165, 1, 's1 keguruan'),
(303, 1, 37, 274, 278, 1, 's1 keguruan'),
(304, 1, 38, 178, 252, 1, 's1 keguruan'),
(305, 1, 1, 4, 4, 1, 's1 lain'),
(306, 1, 2, 0, 2, 1, 's1 lain'),
(307, 1, 3, 0, 0, 1, 's1 lain'),
(308, 1, 4, 3, 3, 1, 's1 lain'),
(309, 1, 5, 0, 0, 1, 's1 lain'),
(310, 1, 6, 2, 0, 1, 's1 lain'),
(311, 1, 7, 0, 0, 1, 's1 lain'),
(312, 1, 8, 1, 1, 1, 's1 lain'),
(313, 1, 9, 0, 0, 1, 's1 lain'),
(314, 1, 10, 8, 9, 1, 's1 lain'),
(315, 1, 11, 3, 6, 1, 's1 lain'),
(316, 1, 12, 8, 12, 1, 's1 lain'),
(317, 1, 13, 6, 6, 1, 's1 lain'),
(318, 1, 14, 20, 30, 1, 's1 lain'),
(319, 1, 15, 12, 13, 1, 's1 lain'),
(320, 1, 16, 26, 24, 1, 's1 lain'),
(321, 1, 17, 22, 25, 1, 's1 lain'),
(322, 1, 18, 1, 1, 1, 's1 lain'),
(323, 1, 19, 18, 20, 1, 's1 lain'),
(324, 1, 20, 27, 43, 1, 's1 lain'),
(325, 1, 21, 0, 0, 1, 's1 lain'),
(326, 1, 22, 2, 0, 1, 's1 lain'),
(327, 1, 23, 0, 0, 1, 's1 lain'),
(328, 1, 24, 2, 1, 1, 's1 lain'),
(329, 1, 25, 30, 40, 1, 's1 lain'),
(330, 1, 26, 1, 0, 1, 's1 lain'),
(331, 1, 27, 0, 0, 1, 's1 lain'),
(332, 1, 28, 0, 2, 1, 's1 lain'),
(333, 1, 29, 0, 3, 1, 's1 lain'),
(334, 1, 30, 0, 0, 1, 's1 lain'),
(335, 1, 31, 3, 3, 1, 's1 lain'),
(336, 1, 32, 5, 2, 1, 's1 lain'),
(337, 1, 33, 16, 12, 1, 's1 lain'),
(338, 1, 34, 20, 12, 1, 's1 lain'),
(339, 1, 35, 90, 44, 1, 's1 lain'),
(340, 1, 36, 0, 0, 1, 's1 lain'),
(341, 1, 37, 5, 1, 1, 's1 lain'),
(342, 1, 38, 8, 2, 1, 's1 lain'),
(343, 1, 1, 26, 30, 1, 's2 keguruan'),
(344, 1, 2, 45, 49, 1, 's2 keguruan'),
(345, 1, 3, 28, 33, 1, 's2 keguruan'),
(346, 1, 4, 47, 38, 1, 's2 keguruan'),
(347, 1, 5, 7, 5, 1, 's2 keguruan'),
(348, 1, 6, 8, 14, 1, 's2 keguruan'),
(349, 1, 7, 11, 8, 1, 's2 keguruan'),
(350, 1, 8, 17, 24, 1, 's2 keguruan'),
(351, 1, 9, 17, 15, 1, 's2 keguruan'),
(352, 1, 10, 61, 36, 1, 's2 keguruan'),
(353, 1, 11, 59, 40, 1, 's2 keguruan'),
(354, 1, 12, 68, 58, 1, 's2 keguruan'),
(355, 1, 13, 38, 31, 1, 's2 keguruan'),
(356, 1, 14, 87, 33, 1, 's2 keguruan'),
(357, 1, 15, 32, 23, 1, 's2 keguruan'),
(358, 1, 16, 99, 52, 1, 's2 keguruan'),
(359, 1, 17, 33, 10, 1, 's2 keguruan'),
(360, 1, 18, 30, 7, 1, 's2 keguruan'),
(361, 1, 19, 65, 42, 1, 's2 keguruan'),
(362, 1, 20, 53, 31, 1, 's2 keguruan'),
(363, 1, 21, 23, 12, 1, 's2 keguruan'),
(364, 1, 22, 30, 39, 1, 's2 keguruan'),
(365, 1, 23, 5, 0, 1, 's2 keguruan'),
(366, 1, 24, 25, 25, 1, 's2 keguruan'),
(367, 1, 25, 48, 21, 1, 's2 keguruan'),
(368, 1, 26, 32, 22, 1, 's2 keguruan'),
(369, 1, 27, 11, 4, 1, 's2 keguruan'),
(370, 1, 28, 21, 21, 1, 's2 keguruan'),
(371, 1, 29, 18, 25, 1, 's2 keguruan'),
(372, 1, 30, 19, 21, 1, 's2 keguruan'),
(373, 1, 31, 12, 2, 1, 's2 keguruan'),
(374, 1, 32, 32, 16, 1, 's2 keguruan'),
(375, 1, 33, 64, 29, 1, 's2 keguruan'),
(376, 1, 34, 60, 27, 1, 's2 keguruan'),
(377, 1, 35, 32, 1, 1, 's2 keguruan'),
(378, 1, 36, 16, 6, 1, 's2 keguruan'),
(379, 1, 37, 25, 5, 1, 's2 keguruan'),
(380, 1, 38, 9, 12, 1, 's2 keguruan'),
(381, 1, 1, 6, 10, 1, 's2 lain'),
(382, 1, 2, 12, 7, 1, 's2 lain'),
(383, 1, 3, 4, 4, 1, 's2 lain'),
(384, 1, 4, 3, 5, 1, 's2 lain'),
(385, 1, 5, 2, 5, 1, 's2 lain'),
(386, 1, 6, 8, 1, 1, 's2 lain'),
(387, 1, 7, 1, 0, 1, 's2 lain'),
(388, 1, 8, 0, 0, 1, 's2 lain'),
(389, 1, 9, 3, 2, 1, 's2 lain'),
(390, 1, 10, 53, 35, 1, 's2 lain'),
(391, 1, 11, 34, 45, 1, 's2 lain'),
(392, 1, 12, 3, 3, 1, 's2 lain'),
(393, 1, 13, 28, 17, 1, 's2 lain'),
(394, 1, 14, 3, 0, 1, 's2 lain'),
(395, 1, 15, 2, 1, 1, 's2 lain'),
(396, 1, 16, 11, 4, 1, 's2 lain'),
(397, 1, 17, 10, 2, 1, 's2 lain'),
(398, 1, 18, 5, 6, 1, 's2 lain'),
(399, 1, 19, 2, 0, 1, 's2 lain'),
(400, 1, 20, 6, 8, 1, 's2 lain'),
(401, 1, 21, 12, 2, 1, 's2 lain'),
(402, 1, 22, 32, 18, 1, 's2 lain'),
(403, 1, 23, 1, 1, 1, 's2 lain'),
(404, 1, 24, 9, 4, 1, 's2 lain'),
(405, 1, 25, 14, 5, 1, 's2 lain'),
(406, 1, 26, 10, 6, 1, 's2 lain'),
(407, 1, 27, 4, 0, 1, 's2 lain'),
(408, 1, 28, 5, 4, 1, 's2 lain'),
(409, 1, 29, 5, 4, 1, 's2 lain'),
(410, 1, 30, 11, 13, 1, 's2 lain'),
(411, 1, 31, 5, 1, 1, 's2 lain'),
(412, 1, 32, 12, 5, 1, 's2 lain'),
(413, 1, 33, 16, 21, 1, 's2 lain'),
(414, 1, 34, 9, 2, 1, 's2 lain'),
(415, 1, 35, 8, 2, 1, 's2 lain'),
(416, 1, 36, 2, 2, 1, 's2 lain'),
(417, 1, 37, 7, 0, 1, 's2 lain'),
(418, 1, 38, 1, 0, 1, 's2 lain'),
(419, 1, 1, 0, 0, 1, 's3'),
(420, 1, 2, 0, 0, 1, 's3'),
(421, 1, 3, 0, 0, 1, 's3'),
(422, 1, 4, 0, 1, 1, 's3'),
(423, 1, 5, 0, 0, 1, 's3'),
(424, 1, 6, 0, 0, 1, 's3'),
(425, 1, 7, 0, 0, 1, 's3'),
(426, 1, 8, 0, 0, 1, 's3'),
(427, 1, 9, 0, 0, 1, 's3'),
(428, 1, 10, 0, 0, 1, 's3'),
(429, 1, 11, 0, 0, 1, 's3'),
(430, 1, 12, 0, 0, 1, 's3'),
(431, 1, 13, 0, 0, 1, 's3'),
(432, 1, 14, 1, 0, 1, 's3'),
(433, 1, 15, 0, 0, 1, 's3'),
(434, 1, 16, 2, 0, 1, 's3'),
(435, 1, 17, 0, 0, 1, 's3'),
(436, 1, 18, 0, 0, 1, 's3'),
(437, 1, 19, 0, 0, 1, 's3'),
(438, 1, 20, 0, 0, 1, 's3'),
(439, 1, 21, 0, 0, 1, 's3'),
(440, 1, 22, 1, 0, 1, 's3'),
(441, 1, 23, 0, 0, 1, 's3'),
(442, 1, 24, 0, 0, 1, 's3'),
(443, 1, 25, 1, 0, 1, 's3'),
(444, 1, 26, 0, 0, 1, 's3'),
(445, 1, 27, 0, 0, 1, 's3'),
(446, 1, 28, 0, 0, 1, 's3'),
(447, 1, 29, 0, 0, 1, 's3'),
(448, 1, 30, 0, 0, 1, 's3'),
(449, 1, 31, 1, 0, 1, 's3'),
(450, 1, 32, 0, 0, 1, 's3'),
(451, 1, 33, 2, 0, 1, 's3'),
(452, 1, 34, 0, 0, 1, 's3'),
(453, 1, 35, 0, 0, 1, 's3'),
(454, 1, 36, 2, 0, 1, 's3'),
(455, 1, 37, 0, 0, 1, 's3'),
(456, 1, 38, 0, 0, 1, 's3'),
(457, 1, 1, 0, 0, 2, 'sltp'),
(458, 1, 2, 1, 0, 2, 'sltp'),
(459, 1, 3, 0, 0, 2, 'sltp'),
(460, 1, 4, 0, 0, 2, 'sltp'),
(461, 1, 5, 0, 0, 2, 'sltp'),
(462, 1, 6, 0, 0, 2, 'sltp'),
(463, 1, 7, 0, 0, 2, 'sltp'),
(464, 1, 8, 0, 0, 2, 'sltp'),
(465, 1, 9, 0, 0, 2, 'sltp'),
(466, 1, 10, 0, 0, 2, 'sltp'),
(467, 1, 11, 0, 0, 2, 'sltp'),
(468, 1, 12, 0, 0, 2, 'sltp'),
(469, 1, 13, 0, 0, 2, 'sltp'),
(470, 1, 14, 0, 0, 2, 'sltp'),
(471, 1, 15, 1, 0, 2, 'sltp'),
(472, 1, 16, 0, 0, 2, 'sltp'),
(473, 1, 17, 1, 0, 2, 'sltp'),
(474, 1, 18, 1, 0, 2, 'sltp'),
(475, 1, 19, 0, 0, 2, 'sltp'),
(476, 1, 20, 2, 1, 2, 'sltp'),
(477, 1, 21, 0, 0, 2, 'sltp'),
(478, 1, 22, 2, 0, 2, 'sltp'),
(479, 1, 23, 0, 0, 2, 'sltp'),
(480, 1, 24, 0, 0, 2, 'sltp'),
(481, 1, 25, 0, 0, 2, 'sltp'),
(482, 1, 26, 0, 0, 2, 'sltp'),
(483, 1, 27, 0, 0, 2, 'sltp'),
(484, 1, 28, 1, 1, 2, 'sltp'),
(485, 1, 29, 1, 0, 2, 'sltp'),
(486, 1, 30, 0, 0, 2, 'sltp'),
(487, 1, 31, 1, 0, 2, 'sltp'),
(488, 1, 32, 0, 0, 2, 'sltp'),
(489, 1, 33, 1, 0, 2, 'sltp'),
(490, 1, 34, 2, 0, 2, 'sltp'),
(491, 1, 35, 0, 0, 2, 'sltp'),
(492, 1, 36, 3, 0, 2, 'sltp'),
(493, 1, 37, 0, 0, 2, 'sltp'),
(494, 1, 38, 1, 0, 2, 'sltp'),
(495, 1, 1, 0, 0, 2, 'd1'),
(496, 1, 2, 1, 0, 2, 'd1'),
(497, 1, 3, 0, 0, 2, 'd1'),
(498, 1, 4, 0, 0, 2, 'd1'),
(499, 1, 5, 0, 0, 2, 'd1'),
(500, 1, 6, 0, 0, 2, 'd1'),
(501, 1, 7, 0, 0, 2, 'd1'),
(502, 1, 8, 0, 0, 2, 'd1'),
(503, 1, 9, 0, 0, 2, 'd1'),
(504, 1, 10, 0, 0, 2, 'd1'),
(505, 1, 11, 0, 0, 2, 'd1'),
(506, 1, 12, 0, 0, 2, 'd1'),
(507, 1, 13, 0, 0, 2, 'd1'),
(508, 1, 14, 0, 0, 2, 'd1'),
(509, 1, 15, 0, 0, 2, 'd1'),
(510, 1, 16, 0, 0, 2, 'd1'),
(511, 1, 17, 0, 0, 2, 'd1'),
(512, 1, 18, 0, 1, 2, 'd1'),
(513, 1, 19, 0, 0, 2, 'd1'),
(514, 1, 20, 0, 0, 2, 'd1'),
(515, 1, 21, 0, 1, 2, 'd1'),
(516, 1, 22, 1, 0, 2, 'd1'),
(517, 1, 23, 0, 0, 2, 'd1'),
(518, 1, 24, 0, 0, 2, 'd1'),
(519, 1, 25, 0, 0, 2, 'd1'),
(520, 1, 26, 0, 0, 2, 'd1'),
(521, 1, 27, 0, 0, 2, 'd1'),
(522, 1, 28, 0, 0, 2, 'd1'),
(523, 1, 29, 0, 0, 2, 'd1'),
(524, 1, 30, 0, 0, 2, 'd1'),
(525, 1, 31, 0, 0, 2, 'd1'),
(526, 1, 32, 0, 0, 2, 'd1'),
(527, 1, 33, 1, 0, 2, 'd1'),
(528, 1, 34, 0, 0, 2, 'd1'),
(529, 1, 35, 0, 0, 2, 'd1'),
(530, 1, 36, 0, 0, 2, 'd1'),
(531, 1, 37, 0, 0, 2, 'd1'),
(532, 1, 38, 1, 0, 2, 'd1'),
(533, 1, 1, 0, 0, 2, 'd2'),
(534, 1, 2, 1, 0, 2, 'd2'),
(535, 1, 3, 0, 0, 2, 'd2'),
(536, 1, 4, 0, 0, 2, 'd2'),
(537, 1, 5, 0, 0, 2, 'd2'),
(538, 1, 6, 0, 0, 2, 'd2'),
(539, 1, 7, 0, 0, 2, 'd2'),
(540, 1, 8, 0, 0, 2, 'd2'),
(541, 1, 9, 0, 0, 2, 'd2'),
(542, 1, 10, 0, 0, 2, 'd2'),
(543, 1, 11, 0, 0, 2, 'd2'),
(544, 1, 12, 0, 0, 2, 'd2'),
(545, 1, 13, 0, 0, 2, 'd2'),
(546, 1, 14, 0, 0, 2, 'd2'),
(547, 1, 15, 0, 0, 2, 'd2'),
(548, 1, 16, 0, 0, 2, 'd2'),
(549, 1, 17, 0, 0, 2, 'd2'),
(550, 1, 18, 0, 0, 2, 'd2'),
(551, 1, 19, 0, 0, 2, 'd2'),
(552, 1, 20, 0, 0, 2, 'd2'),
(553, 1, 21, 0, 0, 2, 'd2'),
(554, 1, 22, 0, 0, 2, 'd2'),
(555, 1, 23, 0, 0, 2, 'd2'),
(556, 1, 24, 0, 0, 2, 'd2'),
(557, 1, 25, 0, 0, 2, 'd2'),
(558, 1, 26, 0, 0, 2, 'd2'),
(559, 1, 27, 0, 0, 2, 'd2'),
(560, 1, 28, 0, 0, 2, 'd2'),
(561, 1, 29, 0, 0, 2, 'd2'),
(562, 1, 30, 0, 0, 2, 'd2'),
(563, 1, 31, 0, 0, 2, 'd2'),
(564, 1, 32, 0, 0, 2, 'd2'),
(565, 1, 33, 0, 0, 2, 'd2'),
(566, 1, 34, 0, 0, 2, 'd2'),
(567, 1, 35, 0, 0, 2, 'd2'),
(568, 1, 36, 0, 0, 2, 'd2'),
(569, 1, 37, 0, 0, 2, 'd2'),
(570, 1, 38, 0, 0, 2, 'd2'),
(571, 1, 1, 0, 0, 2, 'd3 keguruan'),
(572, 1, 2, 0, 0, 2, 'd3 keguruan'),
(573, 1, 3, 0, 0, 2, 'd3 keguruan'),
(574, 1, 4, 0, 0, 2, 'd3 keguruan'),
(575, 1, 5, 0, 0, 2, 'd3 keguruan'),
(576, 1, 6, 0, 0, 2, 'd3 keguruan'),
(577, 1, 7, 0, 0, 2, 'd3 keguruan'),
(578, 1, 8, 0, 0, 2, 'd3 keguruan'),
(579, 1, 9, 0, 0, 2, 'd3 keguruan'),
(580, 1, 10, 0, 0, 2, 'd3 keguruan'),
(581, 1, 11, 0, 1, 2, 'd3 keguruan'),
(582, 1, 12, 0, 0, 2, 'd3 keguruan'),
(583, 1, 13, 0, 0, 2, 'd3 keguruan'),
(584, 1, 14, 0, 0, 2, 'd3 keguruan'),
(585, 1, 15, 0, 0, 2, 'd3 keguruan'),
(586, 1, 16, 0, 0, 2, 'd3 keguruan'),
(587, 1, 17, 0, 0, 2, 'd3 keguruan'),
(588, 1, 18, 0, 0, 2, 'd3 keguruan'),
(589, 1, 19, 0, 0, 2, 'd3 keguruan'),
(590, 1, 20, 0, 0, 2, 'd3 keguruan'),
(591, 1, 21, 0, 0, 2, 'd3 keguruan'),
(592, 1, 22, 0, 0, 2, 'd3 keguruan'),
(593, 1, 23, 0, 0, 2, 'd3 keguruan'),
(594, 1, 24, 0, 0, 2, 'd3 keguruan'),
(595, 1, 25, 0, 1, 2, 'd3 keguruan'),
(596, 1, 26, 0, 0, 2, 'd3 keguruan'),
(597, 1, 27, 0, 0, 2, 'd3 keguruan'),
(598, 1, 28, 0, 1, 2, 'd3 keguruan'),
(599, 1, 29, 1, 0, 2, 'd3 keguruan'),
(600, 1, 30, 1, 0, 2, 'd3 keguruan'),
(601, 1, 31, 0, 0, 2, 'd3 keguruan'),
(602, 1, 32, 0, 0, 2, 'd3 keguruan'),
(603, 1, 33, 0, 0, 2, 'd3 keguruan'),
(604, 1, 34, 0, 0, 2, 'd3 keguruan'),
(605, 1, 35, 0, 0, 2, 'd3 keguruan'),
(606, 1, 36, 0, 0, 2, 'd3 keguruan'),
(607, 1, 37, 0, 0, 2, 'd3 keguruan'),
(608, 1, 38, 1, 0, 2, 'd3 keguruan'),
(609, 1, 1, 0, 0, 2, 'd3 lain'),
(610, 1, 2, 0, 0, 2, 'd3 lain'),
(611, 1, 3, 0, 0, 2, 'd3 lain'),
(612, 1, 4, 0, 0, 2, 'd3 lain'),
(613, 1, 5, 0, 0, 2, 'd3 lain'),
(614, 1, 6, 0, 0, 2, 'd3 lain'),
(615, 1, 7, 0, 0, 2, 'd3 lain'),
(616, 1, 8, 0, 0, 2, 'd3 lain'),
(617, 1, 9, 0, 0, 2, 'd3 lain'),
(618, 1, 10, 0, 0, 2, 'd3 lain'),
(619, 1, 11, 0, 0, 2, 'd3 lain'),
(620, 1, 12, 0, 0, 2, 'd3 lain'),
(621, 1, 13, 0, 0, 2, 'd3 lain'),
(622, 1, 14, 0, 0, 2, 'd3 lain'),
(623, 1, 15, 0, 0, 2, 'd3 lain'),
(624, 1, 16, 0, 0, 2, 'd3 lain'),
(625, 1, 17, 0, 0, 2, 'd3 lain'),
(626, 1, 18, 0, 0, 2, 'd3 lain'),
(627, 1, 19, 0, 0, 2, 'd3 lain'),
(628, 1, 20, 0, 0, 2, 'd3 lain'),
(629, 1, 21, 0, 0, 2, 'd3 lain'),
(630, 1, 22, 0, 0, 2, 'd3 lain'),
(631, 1, 23, 0, 0, 2, 'd3 lain'),
(632, 1, 24, 0, 0, 2, 'd3 lain'),
(633, 1, 25, 0, 0, 2, 'd3 lain'),
(634, 1, 26, 0, 0, 2, 'd3 lain'),
(635, 1, 27, 0, 0, 2, 'd3 lain'),
(636, 1, 28, 0, 0, 2, 'd3 lain'),
(637, 1, 29, 1, 0, 2, 'd3 lain'),
(638, 1, 30, 0, 0, 2, 'd3 lain'),
(639, 1, 31, 1, 0, 2, 'd3 lain'),
(640, 1, 32, 0, 0, 2, 'd3 lain'),
(641, 1, 33, 0, 0, 2, 'd3 lain'),
(642, 1, 34, 1, 0, 2, 'd3 lain'),
(643, 1, 35, 0, 0, 2, 'd3 lain'),
(644, 1, 36, 0, 0, 2, 'd3 lain'),
(645, 1, 37, 0, 0, 2, 'd3 lain'),
(646, 1, 38, 0, 0, 2, 'd3 lain'),
(647, 1, 1, 0, 0, 2, 'b1 keguruan'),
(648, 1, 2, 6, 8, 2, 'b1 keguruan'),
(649, 1, 3, 0, 0, 2, 'b1 keguruan'),
(650, 1, 4, 2, 0, 2, 'b1 keguruan'),
(651, 1, 5, 0, 0, 2, 'b1 keguruan'),
(652, 1, 6, 2, 1, 2, 'b1 keguruan'),
(653, 1, 7, 1, 0, 2, 'b1 keguruan'),
(654, 1, 8, 1, 0, 2, 'b1 keguruan'),
(655, 1, 9, 0, 0, 2, 'b1 keguruan'),
(656, 1, 10, 0, 0, 2, 'b1 keguruan'),
(657, 1, 11, 2, 1, 2, 'b1 keguruan'),
(658, 1, 12, 1, 3, 2, 'b1 keguruan'),
(659, 1, 13, 1, 0, 2, 'b1 keguruan'),
(660, 1, 14, 0, 0, 2, 'b1 keguruan'),
(661, 1, 15, 1, 3, 2, 'b1 keguruan'),
(662, 1, 16, 0, 0, 2, 'b1 keguruan'),
(663, 1, 17, 2, 3, 2, 'b1 keguruan'),
(664, 1, 18, 1, 2, 2, 'b1 keguruan'),
(665, 1, 19, 0, 0, 2, 'b1 keguruan'),
(666, 1, 20, 1, 4, 2, 'b1 keguruan'),
(667, 1, 21, 0, 0, 2, 'b1 keguruan'),
(668, 1, 22, 0, 0, 2, 'b1 keguruan'),
(669, 1, 23, 0, 0, 2, 'b1 keguruan'),
(670, 1, 24, 0, 0, 2, 'b1 keguruan'),
(671, 1, 25, 0, 0, 2, 'b1 keguruan'),
(672, 1, 26, 2, 1, 2, 'b1 keguruan'),
(673, 1, 27, 0, 0, 2, 'b1 keguruan'),
(674, 1, 28, 1, 0, 2, 'b1 keguruan'),
(675, 1, 29, 1, 1, 2, 'b1 keguruan'),
(676, 1, 30, 1, 2, 2, 'b1 keguruan'),
(677, 1, 31, 1, 0, 2, 'b1 keguruan'),
(678, 1, 32, 0, 0, 2, 'b1 keguruan'),
(679, 1, 33, 1, 0, 2, 'b1 keguruan'),
(680, 1, 34, 2, 3, 2, 'b1 keguruan'),
(681, 1, 35, 0, 0, 2, 'b1 keguruan'),
(682, 1, 36, 0, 0, 2, 'b1 keguruan'),
(683, 1, 37, 2, 1, 2, 'b1 keguruan'),
(684, 1, 38, 1, 0, 2, 'b1 keguruan'),
(685, 1, 1, 0, 0, 2, 'b1 lain'),
(686, 1, 2, 1, 6, 2, 'b1 lain'),
(687, 1, 3, 0, 3, 2, 'b1 lain'),
(688, 1, 4, 0, 0, 2, 'b1 lain'),
(689, 1, 5, 0, 0, 2, 'b1 lain'),
(690, 1, 6, 0, 0, 2, 'b1 lain'),
(691, 1, 7, 0, 0, 2, 'b1 lain'),
(692, 1, 8, 0, 0, 2, 'b1 lain'),
(693, 1, 9, 0, 0, 2, 'b1 lain'),
(694, 1, 10, 2, 0, 2, 'b1 lain'),
(695, 1, 11, 0, 0, 2, 'b1 lain'),
(696, 1, 12, 1, 0, 2, 'b1 lain'),
(697, 1, 13, 1, 0, 2, 'b1 lain'),
(698, 1, 14, 0, 0, 2, 'b1 lain'),
(699, 1, 15, 0, 1, 2, 'b1 lain'),
(700, 1, 16, 0, 0, 2, 'b1 lain'),
(701, 1, 17, 3, 0, 2, 'b1 lain'),
(702, 1, 18, 1, 3, 2, 'b1 lain'),
(703, 1, 19, 0, 0, 2, 'b1 lain'),
(704, 1, 20, 1, 1, 2, 'b1 lain'),
(705, 1, 21, 0, 0, 2, 'b1 lain'),
(706, 1, 22, 1, 1, 2, 'b1 lain'),
(707, 1, 23, 0, 0, 2, 'b1 lain'),
(708, 1, 24, 2, 1, 2, 'b1 lain'),
(709, 1, 25, 1, 0, 2, 'b1 lain'),
(710, 1, 26, 0, 0, 2, 'b1 lain'),
(711, 1, 27, 0, 0, 2, 'b1 lain'),
(712, 1, 28, 2, 1, 2, 'b1 lain'),
(713, 1, 29, 4, 0, 2, 'b1 lain'),
(714, 1, 30, 1, 0, 2, 'b1 lain'),
(715, 1, 31, 3, 2, 2, 'b1 lain'),
(716, 1, 32, 1, 2, 2, 'b1 lain'),
(717, 1, 33, 7, 9, 2, 'b1 lain'),
(718, 1, 34, 4, 2, 2, 'b1 lain'),
(719, 1, 35, 0, 0, 2, 'b1 lain'),
(720, 1, 36, 0, 0, 2, 'b1 lain'),
(721, 1, 37, 0, 0, 2, 'b1 lain'),
(722, 1, 38, 0, 1, 2, 'b1 lain'),
(723, 1, 1, 1344, 1356, 2, 's1 keguruan'),
(724, 1, 2, 440, 580, 2, 's1 keguruan'),
(725, 1, 3, 247, 241, 2, 's1 keguruan'),
(726, 1, 4, 145, 138, 2, 's1 keguruan'),
(727, 1, 5, 55, 63, 2, 's1 keguruan'),
(728, 1, 6, 159, 176, 2, 's1 keguruan'),
(729, 1, 7, 60, 80, 2, 's1 keguruan'),
(730, 1, 8, 123, 155, 2, 's1 keguruan'),
(731, 1, 9, 102, 126, 2, 's1 keguruan'),
(732, 1, 10, 105, 111, 2, 's1 keguruan'),
(733, 1, 11, 472, 547, 2, 's1 keguruan'),
(734, 1, 12, 278, 308, 2, 's1 keguruan'),
(735, 1, 13, 235, 284, 2, 's1 keguruan'),
(736, 1, 14, 986, 635, 2, 's1 keguruan'),
(737, 1, 15, 274, 307, 2, 's1 keguruan'),
(738, 1, 16, 153, 148, 2, 's1 keguruan'),
(739, 1, 17, 270, 261, 2, 's1 keguruan'),
(740, 1, 18, 229, 246, 2, 's1 keguruan'),
(741, 1, 19, 205, 199, 2, 's1 keguruan'),
(742, 1, 20, 181, 178, 2, 's1 keguruan'),
(743, 1, 21, 303, 311, 2, 's1 keguruan'),
(744, 1, 22, 313, 303, 2, 's1 keguruan'),
(745, 1, 23, 329, 238, 2, 's1 keguruan'),
(746, 1, 24, 200, 190, 2, 's1 keguruan'),
(747, 1, 25, 308, 422, 2, 's1 keguruan'),
(748, 1, 26, 217, 178, 2, 's1 keguruan'),
(749, 1, 27, 787, 768, 2, 's1 keguruan'),
(750, 1, 28, 530, 701, 2, 's1 keguruan'),
(751, 1, 29, 146, 155, 2, 's1 keguruan'),
(752, 1, 30, 468, 485, 2, 's1 keguruan'),
(753, 1, 31, 223, 254, 2, 's1 keguruan'),
(754, 1, 32, 106, 134, 2, 's1 keguruan'),
(755, 1, 33, 597, 635, 2, 's1 keguruan'),
(756, 1, 34, 432, 436, 2, 's1 keguruan'),
(757, 1, 35, 769, 581, 2, 's1 keguruan'),
(758, 1, 36, 144, 111, 2, 's1 keguruan'),
(759, 1, 37, 107, 95, 2, 's1 keguruan'),
(760, 1, 38, 201, 233, 2, 's1 keguruan'),
(761, 1, 1, 18, 52, 2, 's1 lain'),
(762, 1, 2, 99, 79, 2, 's1 lain'),
(763, 1, 3, 3, 2, 2, 's1 lain'),
(764, 1, 4, 0, 0, 2, 's1 lain'),
(765, 1, 5, 13, 8, 2, 's1 lain'),
(766, 1, 6, 0, 0, 2, 's1 lain'),
(767, 1, 7, 33, 32, 2, 's1 lain'),
(768, 1, 8, 4, 9, 2, 's1 lain'),
(769, 1, 9, 0, 0, 2, 's1 lain'),
(770, 1, 10, 6, 8, 2, 's1 lain'),
(771, 1, 11, 5, 2, 2, 's1 lain'),
(772, 1, 12, 29, 12, 2, 's1 lain'),
(773, 1, 13, 0, 2, 2, 's1 lain'),
(774, 1, 14, 0, 0, 2, 's1 lain'),
(775, 1, 15, 1, 0, 2, 's1 lain'),
(776, 1, 16, 19, 18, 2, 's1 lain'),
(777, 1, 17, 16, 5, 2, 's1 lain'),
(778, 1, 18, 22, 14, 2, 's1 lain'),
(779, 1, 19, 0, 0, 2, 's1 lain'),
(780, 1, 20, 30, 46, 2, 's1 lain'),
(781, 1, 21, 8, 9, 2, 's1 lain'),
(782, 1, 22, 3, 0, 2, 's1 lain'),
(783, 1, 23, 0, 0, 2, 's1 lain'),
(784, 1, 24, 12, 14, 2, 's1 lain'),
(785, 1, 25, 41, 71, 2, 's1 lain'),
(786, 1, 26, 0, 0, 2, 's1 lain'),
(787, 1, 27, 0, 0, 2, 's1 lain'),
(788, 1, 28, 25, 20, 2, 's1 lain'),
(789, 1, 29, 25, 15, 2, 's1 lain'),
(790, 1, 30, 7, 1, 2, 's1 lain'),
(791, 1, 31, 44, 61, 2, 's1 lain'),
(792, 1, 32, 39, 34, 2, 's1 lain'),
(793, 1, 33, 13, 17, 2, 's1 lain'),
(794, 1, 34, 66, 33, 2, 's1 lain'),
(795, 1, 35, 0, 0, 2, 's1 lain'),
(796, 1, 36, 0, 1, 2, 's1 lain'),
(797, 1, 37, 0, 0, 2, 's1 lain'),
(798, 1, 38, 3, 4, 2, 's1 lain'),
(799, 1, 1, 4, 6, 2, 's2 keguruan'),
(800, 1, 2, 60, 60, 2, 's2 keguruan'),
(801, 1, 3, 22, 13, 2, 's2 keguruan'),
(802, 1, 4, 16, 15, 2, 's2 keguruan'),
(803, 1, 5, 7, 5, 2, 's2 keguruan'),
(804, 1, 6, 18, 15, 2, 's2 keguruan'),
(805, 1, 7, 7, 5, 2, 's2 keguruan'),
(806, 1, 8, 18, 26, 2, 's2 keguruan'),
(807, 1, 9, 0, 0, 2, 's2 keguruan'),
(808, 1, 10, 19, 4, 2, 's2 keguruan'),
(809, 1, 11, 15, 11, 2, 's2 keguruan'),
(810, 1, 12, 31, 46, 2, 's2 keguruan'),
(811, 1, 13, 70, 30, 2, 's2 keguruan'),
(812, 1, 14, 0, 0, 2, 's2 keguruan'),
(813, 1, 15, 24, 11, 2, 's2 keguruan'),
(814, 1, 16, 30, 12, 2, 's2 keguruan'),
(815, 1, 17, 33, 10, 2, 's2 keguruan'),
(816, 1, 18, 28, 21, 2, 's2 keguruan'),
(817, 1, 19, 8, 8, 2, 's2 keguruan'),
(818, 1, 20, 25, 21, 2, 's2 keguruan'),
(819, 1, 21, 75, 32, 2, 's2 keguruan'),
(820, 1, 22, 13, 14, 2, 's2 keguruan'),
(821, 1, 23, 3, 0, 2, 's2 keguruan'),
(822, 1, 24, 24, 10, 2, 's2 keguruan'),
(823, 1, 25, 18, 10, 2, 's2 keguruan'),
(824, 1, 26, 8, 5, 2, 's2 keguruan'),
(825, 1, 27, 205, 200, 2, 's2 keguruan'),
(826, 1, 28, 19, 33, 2, 's2 keguruan'),
(827, 1, 29, 5, 6, 2, 's2 keguruan'),
(828, 1, 30, 22, 18, 2, 's2 keguruan'),
(829, 1, 31, 15, 27, 2, 's2 keguruan'),
(830, 1, 32, 11, 13, 2, 's2 keguruan'),
(831, 1, 33, 32, 11, 2, 's2 keguruan'),
(832, 1, 34, 40, 19, 2, 's2 keguruan'),
(833, 1, 35, 0, 0, 2, 's2 keguruan'),
(834, 1, 36, 11, 0, 2, 's2 keguruan'),
(835, 1, 37, 7, 2, 2, 's2 keguruan'),
(836, 1, 38, 15, 6, 2, 's2 keguruan'),
(837, 1, 1, 1, 0, 2, 's2 lain'),
(838, 1, 2, 16, 13, 2, 's2 lain'),
(839, 1, 3, 7, 1, 2, 's2 lain'),
(840, 1, 4, 2, 0, 2, 's2 lain'),
(841, 1, 5, 4, 0, 2, 's2 lain'),
(842, 1, 6, 0, 0, 2, 's2 lain'),
(843, 1, 7, 13, 0, 2, 's2 lain'),
(844, 1, 8, 6, 20, 2, 's2 lain'),
(845, 1, 9, 2, 3, 2, 's2 lain'),
(846, 1, 10, 3, 0, 2, 's2 lain'),
(847, 1, 11, 22, 16, 2, 's2 lain'),
(848, 1, 12, 6, 8, 2, 's2 lain'),
(849, 1, 13, 7, 1, 2, 's2 lain'),
(850, 1, 14, 0, 0, 2, 's2 lain'),
(851, 1, 15, 3, 2, 2, 's2 lain'),
(852, 1, 16, 0, 1, 2, 's2 lain'),
(853, 1, 17, 0, 1, 2, 's2 lain'),
(854, 1, 18, 5, 1, 2, 's2 lain'),
(855, 1, 19, 3, 0, 2, 's2 lain'),
(856, 1, 20, 13, 0, 2, 's2 lain'),
(857, 1, 21, 7, 5, 2, 's2 lain'),
(858, 1, 22, 4, 2, 2, 's2 lain'),
(859, 1, 23, 3, 1, 2, 's2 lain'),
(860, 1, 24, 5, 6, 2, 's2 lain'),
(861, 1, 25, 12, 4, 2, 's2 lain'),
(862, 1, 26, 4, 1, 2, 's2 lain'),
(863, 1, 27, 2, 0, 2, 's2 lain'),
(864, 1, 28, 9, 2, 2, 's2 lain'),
(865, 1, 29, 1, 1, 2, 's2 lain'),
(866, 1, 30, 0, 4, 2, 's2 lain'),
(867, 1, 31, 7, 5, 2, 's2 lain'),
(868, 1, 32, 5, 1, 2, 's2 lain'),
(869, 1, 33, 11, 3, 2, 's2 lain'),
(870, 1, 34, 26, 5, 2, 's2 lain'),
(871, 1, 35, 0, 0, 2, 's2 lain'),
(872, 1, 36, 1, 3, 2, 's2 lain'),
(873, 1, 37, 0, 0, 2, 's2 lain'),
(874, 1, 38, 2, 0, 2, 's2 lain'),
(875, 1, 1, 0, 0, 2, 's3'),
(876, 1, 2, 0, 0, 2, 's3'),
(877, 1, 3, 0, 0, 2, 's3'),
(878, 1, 4, 0, 0, 2, 's3'),
(879, 1, 5, 0, 0, 2, 's3'),
(880, 1, 6, 0, 0, 2, 's3'),
(881, 1, 7, 0, 0, 2, 's3'),
(882, 1, 8, 1, 0, 2, 's3'),
(883, 1, 9, 0, 0, 2, 's3'),
(884, 1, 10, 0, 0, 2, 's3'),
(885, 1, 11, 0, 0, 2, 's3'),
(886, 1, 12, 0, 0, 2, 's3'),
(887, 1, 13, 0, 0, 2, 's3'),
(888, 1, 14, 0, 0, 2, 's3'),
(889, 1, 15, 0, 0, 2, 's3'),
(890, 1, 16, 0, 0, 2, 's3'),
(891, 1, 17, 0, 0, 2, 's3'),
(892, 1, 18, 0, 0, 2, 's3'),
(893, 1, 19, 0, 0, 2, 's3'),
(894, 1, 20, 0, 0, 2, 's3'),
(895, 1, 21, 0, 0, 2, 's3'),
(896, 1, 22, 2, 0, 2, 's3'),
(897, 1, 23, 0, 0, 2, 's3'),
(898, 1, 24, 0, 0, 2, 's3'),
(899, 1, 25, 0, 0, 2, 's3'),
(900, 1, 26, 0, 0, 2, 's3'),
(901, 1, 27, 0, 0, 2, 's3'),
(902, 1, 28, 0, 0, 2, 's3'),
(903, 1, 29, 0, 0, 2, 's3'),
(904, 1, 30, 0, 0, 2, 's3'),
(905, 1, 31, 0, 0, 2, 's3'),
(906, 1, 32, 1, 0, 2, 's3'),
(907, 1, 33, 1, 0, 2, 's3'),
(908, 1, 34, 0, 0, 2, 's3'),
(909, 1, 35, 0, 0, 2, 's3'),
(910, 1, 36, 0, 0, 2, 's3'),
(911, 1, 37, 0, 0, 2, 's3'),
(912, 1, 38, 0, 0, 2, 's3');

-- --------------------------------------------------------

--
-- Table structure for table `jenis`
--

CREATE TABLE `jenis` (
  `id` int(11) NOT NULL,
  `nama` text NOT NULL
) ENGINE=InnoDB DEFAULT CHARSET=latin1;

--
-- Dumping data for table `jenis`
--

INSERT INTO `jenis` (`id`, `nama`) VALUES
(1, 'sma'),
(2, 'smk');

-- --------------------------------------------------------

--
-- Table structure for table `kepemilikan`
--

CREATE TABLE `kepemilikan` (
  `id` int(11) NOT NULL,
  `id_daerah` int(11) NOT NULL,
  `id_tahun` int(11) NOT NULL,
  `milik_sendiri_baik` double NOT NULL,
  `milik_sendiri_rusak_ringan` double NOT NULL,
  `milik_sendiri_rusak_berat` double NOT NULL,
  `bukan_milik` double NOT NULL,
  `jenis` int(11) NOT NULL
) ENGINE=InnoDB DEFAULT CHARSET=latin1;

--
-- Dumping data for table `kepemilikan`
--

INSERT INTO `kepemilikan` (`id`, `id_daerah`, `id_tahun`, `milik_sendiri_baik`, `milik_sendiri_rusak_ringan`, `milik_sendiri_rusak_berat`, `bukan_milik`, `jenis`) VALUES
(1, 1, 1, 699, 6, 4, 33, 1),
(2, 2, 1, 415, 0, 0, 0, 1),
(3, 3, 1, 150, 11, 0, 0, 1),
(4, 4, 1, 229, 8, 9, 0, 1),
(5, 5, 1, 68, 0, 2, 0, 1),
(6, 6, 1, 117, 4, 0, 0, 1),
(7, 7, 1, 93, 1, 0, 0, 1),
(8, 8, 1, 91, 0, 2, 0, 1),
(9, 9, 1, 55, 0, 5, 0, 1),
(10, 10, 1, 277, 22, 6, 0, 1),
(11, 11, 1, 355, 7, 7, 0, 1),
(12, 12, 1, 266, 20, 1, 0, 1),
(13, 13, 1, 245, 14, 0, 0, 1),
(14, 14, 1, 195, 18, 19, 0, 1),
(15, 15, 1, 289, 6, 8, 0, 1),
(16, 16, 1, 460, 41, 9, 0, 1),
(17, 17, 1, 235, 15, 6, 0, 1),
(18, 18, 1, 203, 20, 5, 0, 1),
(19, 19, 1, 255, 0, 0, 0, 1),
(20, 20, 1, 264, 25, 4, 0, 1),
(21, 21, 1, 145, 7, 3, 0, 1),
(22, 22, 1, 304, 17, 0, 0, 1),
(23, 23, 1, 237, 32, 1, 0, 1),
(24, 24, 1, 180, 1, 1, 0, 1),
(25, 25, 1, 298, 11, 0, 0, 1),
(26, 26, 1, 222, 10, 0, 0, 1),
(27, 27, 1, 265, 1, 0, 0, 1),
(28, 28, 1, 202, 2, 2, 0, 1),
(29, 29, 1, 187, 1, 0, 0, 1),
(30, 30, 1, 232, 0, 0, 0, 1),
(31, 31, 1, 140, 14, 5, 0, 1),
(32, 32, 1, 152, 10, 9, 7, 1),
(33, 33, 1, 420, 5, 14, 0, 1),
(34, 34, 1, 334, 17, 13, 0, 1),
(35, 35, 1, 135, 22, 34, 0, 1),
(36, 36, 1, 115, 11, 2, 0, 1),
(37, 37, 1, 163, 32, 16, 0, 1),
(38, 38, 1, 136, 6, 6, 0, 1),
(39, 1, 1, 231, 0, 0, 0, 2),
(40, 2, 1, 358, 10, 3, 0, 2),
(41, 3, 1, 116, 20, 10, 0, 2),
(42, 4, 1, 121, 0, 0, 0, 2),
(43, 5, 1, 46, 0, 0, 0, 2),
(44, 6, 1, 117, 0, 0, 5, 2),
(45, 7, 1, 67, 0, 0, 42, 2),
(46, 8, 1, 124, 5, 3, 26, 2),
(47, 9, 1, 42, 12, 0, 0, 2),
(48, 10, 1, 77, 1, 0, 0, 2),
(49, 11, 1, 123, 6, 0, 0, 2),
(50, 12, 1, 141, 0, 1, 0, 2),
(51, 13, 1, 175, 3, 2, 0, 2),
(52, 14, 1, 176, 13, 3, 9, 2),
(53, 15, 1, 183, 6, 5, 67, 2),
(54, 16, 1, 120, 1, 2, 15, 2),
(55, 17, 1, 188, 9, 0, 4, 2),
(56, 18, 1, 210, 6, 0, 9, 2),
(57, 19, 1, 203, 3, 0, 0, 2),
(58, 20, 1, 156, 22, 0, 0, 2),
(59, 21, 1, 228, 20, 9, 0, 2),
(60, 22, 1, 58, 0, 0, 78, 2),
(61, 23, 1, 154, 11, 0, 0, 2),
(62, 24, 1, 124, 0, 0, 0, 2),
(63, 25, 1, 144, 0, 0, 4, 2),
(64, 26, 1, 139, 0, 0, 0, 2),
(65, 27, 1, 148, 6, 0, 0, 2),
(66, 28, 1, 230, 7, 0, 0, 2),
(67, 29, 1, 107, 13, 0, 12, 2),
(68, 30, 1, 145, 15, 0, 0, 2),
(69, 31, 1, 184, 27, 6, 0, 2),
(70, 32, 1, 122, 2, 0, 8, 2),
(71, 33, 1, 238, 10, 6, 0, 2),
(72, 34, 1, 154, 3, 0, 0, 2),
(73, 35, 1, 91, 17, 0, 0, 2),
(74, 36, 1, 90, 2, 2, 0, 2),
(75, 37, 1, 54, 0, 0, 0, 2),
(76, 38, 1, 81, 0, 3, 0, 2);

-- --------------------------------------------------------

--
-- Table structure for table `login`
--

CREATE TABLE `login` (
  `id` int(11) NOT NULL,
  `username` varchar(30) NOT NULL,
  `password` varchar(50) NOT NULL,
  `authKey` varchar(50) NOT NULL
) ENGINE=InnoDB DEFAULT CHARSET=latin1;

--
-- Dumping data for table `login`
--

INSERT INTO `login` (`id`, `username`, `password`, `authKey`) VALUES
(1, 'admin', 'admin123', '101admin');

-- --------------------------------------------------------

--
-- Table structure for table `lulus`
--

CREATE TABLE `lulus` (
  `id` int(100) NOT NULL,
  `id_tahun` int(100) NOT NULL,
  `id_daerah` int(100) NOT NULL,
  `lakilaki` int(100) NOT NULL,
  `perempuan` int(100) NOT NULL,
  `jenis` int(100) NOT NULL,
  `status` text NOT NULL
) ENGINE=InnoDB DEFAULT CHARSET=latin1;

--
-- Dumping data for table `lulus`
--

INSERT INTO `lulus` (`id`, `id_tahun`, `id_daerah`, `lakilaki`, `perempuan`, `jenis`, `status`) VALUES
(1, 1, 1, 398, 502, 1, 'pengikut UN'),
(2, 1, 2, 400, 306, 1, 'pengikut UN'),
(3, 1, 3, 618, 443, 1, 'pengikut UN'),
(4, 1, 4, 344, 396, 1, 'pengikut UN'),
(5, 1, 5, 115, 94, 1, 'pengikut UN'),
(6, 1, 6, 173, 146, 1, 'pengikut UN'),
(7, 1, 7, 148, 205, 1, 'pengikut UN'),
(8, 1, 8, 223, 275, 1, 'pengikut UN'),
(9, 1, 9, 41, 60, 1, 'pengikut UN'),
(10, 1, 10, 309, 367, 1, 'pengikut UN'),
(11, 1, 11, 331, 531, 1, 'pengikut UN'),
(12, 1, 12, 474, 520, 1, 'pengikut UN'),
(13, 1, 13, 418, 685, 1, 'pengikut UN'),
(14, 1, 14, 724, 667, 1, 'pengikut UN'),
(15, 1, 15, 694, 900, 1, 'pengikut UN'),
(16, 1, 16, 395, 435, 1, 'pengikut UN'),
(17, 1, 17, 256, 483, 1, 'pengikut UN'),
(18, 1, 18, 388, 403, 1, 'pengikut UN'),
(19, 1, 19, 346, 512, 1, 'pengikut UN'),
(20, 1, 20, 586, 689, 1, 'pengikut UN'),
(21, 1, 21, 239, 313, 1, 'pengikut UN'),
(22, 1, 22, 338, 570, 1, 'pengikut UN'),
(23, 1, 23, 484, 503, 1, 'pengikut UN'),
(24, 1, 24, 217, 263, 1, 'pengikut UN'),
(25, 1, 25, 284, 446, 1, 'pengikut UN'),
(26, 1, 26, 297, 451, 1, 'pengikut UN'),
(27, 1, 27, 412, 449, 1, 'pengikut UN'),
(28, 1, 28, 394, 321, 1, 'pengikut UN'),
(29, 1, 29, 562, 502, 1, 'pengikut UN'),
(30, 1, 30, 324, 435, 1, 'pengikut UN'),
(31, 1, 31, 300, 238, 1, 'pengikut UN'),
(32, 1, 32, 206, 216, 1, 'pengikut UN'),
(33, 1, 33, 554, 683, 1, 'pengikut UN'),
(34, 1, 34, 473, 689, 1, 'pengikut UN'),
(35, 1, 35, 243, 244, 1, 'pengikut UN'),
(36, 1, 36, 306, 243, 1, 'pengikut UN'),
(37, 1, 37, 407, 399, 1, 'pengikut UN'),
(38, 1, 38, 271, 281, 1, 'pengikut UN'),
(39, 1, 1, 397, 501, 1, 'lulus'),
(40, 1, 2, 397, 303, 1, 'lulus'),
(41, 1, 3, 612, 438, 1, 'lulus'),
(42, 1, 4, 340, 392, 1, 'lulus'),
(43, 1, 5, 112, 93, 1, 'lulus'),
(44, 1, 6, 171, 145, 1, 'lulus'),
(45, 1, 7, 148, 203, 1, 'lulus'),
(46, 1, 8, 219, 272, 1, 'lulus'),
(47, 1, 9, 40, 59, 1, 'lulus'),
(48, 1, 10, 306, 362, 1, 'lulus'),
(49, 1, 11, 327, 528, 1, 'lulus'),
(50, 1, 12, 465, 510, 1, 'lulus'),
(51, 1, 13, 415, 679, 1, 'lulus'),
(52, 1, 14, 716, 659, 1, 'lulus'),
(53, 1, 15, 685, 887, 1, 'lulus'),
(54, 1, 16, 393, 431, 1, 'lulus'),
(55, 1, 17, 250, 474, 1, 'lulus'),
(56, 1, 18, 381, 396, 1, 'lulus'),
(57, 1, 19, 340, 502, 1, 'lulus'),
(58, 1, 20, 578, 679, 1, 'lulus'),
(59, 1, 21, 235, 307, 1, 'lulus'),
(60, 1, 22, 329, 559, 1, 'lulus'),
(61, 1, 23, 478, 496, 1, 'lulus'),
(62, 1, 24, 212, 258, 1, 'lulus'),
(63, 1, 25, 279, 438, 1, 'lulus'),
(64, 1, 26, 292, 443, 1, 'lulus'),
(65, 1, 27, 409, 446, 1, 'lulus'),
(66, 1, 28, 391, 317, 1, 'lulus'),
(67, 1, 29, 548, 491, 1, 'lulus'),
(68, 1, 30, 319, 427, 1, 'lulus'),
(69, 1, 31, 292, 231, 1, 'lulus'),
(70, 1, 32, 202, 209, 1, 'lulus'),
(71, 1, 33, 548, 675, 1, 'lulus'),
(72, 1, 34, 465, 683, 1, 'lulus'),
(73, 1, 35, 238, 238, 1, 'lulus'),
(74, 1, 36, 298, 236, 1, 'lulus'),
(75, 1, 37, 401, 392, 1, 'lulus'),
(76, 1, 38, 262, 274, 1, 'lulus'),
(77, 1, 1, 572, 625, 2, 'pengikut UN'),
(78, 1, 2, 453, 433, 2, 'pengikut UN'),
(79, 1, 3, 226, 233, 2, 'pengikut UN'),
(80, 1, 4, 82, 75, 2, 'pengikut UN'),
(81, 1, 5, 82, 87, 2, 'pengikut UN'),
(82, 1, 6, 131, 150, 2, 'pengikut UN'),
(83, 1, 7, 155, 159, 2, 'pengikut UN'),
(84, 1, 8, 150, 151, 2, 'pengikut UN'),
(85, 1, 9, 152, 223, 2, 'pengikut UN'),
(86, 1, 10, 223, 207, 2, 'pengikut UN'),
(87, 1, 11, 143, 151, 2, 'pengikut UN'),
(88, 1, 12, 326, 424, 2, 'pengikut UN'),
(89, 1, 13, 261, 302, 2, 'pengikut UN'),
(90, 1, 14, 891, 922, 2, 'pengikut UN'),
(91, 1, 15, 354, 301, 2, 'pengikut UN'),
(92, 1, 16, 208, 316, 2, 'pengikut UN'),
(93, 1, 17, 433, 427, 2, 'pengikut UN'),
(94, 1, 18, 794, 730, 2, 'pengikut UN'),
(95, 1, 19, 229, 207, 2, 'pengikut UN'),
(96, 1, 20, 258, 271, 2, 'pengikut UN'),
(97, 1, 21, 383, 386, 2, 'pengikut UN'),
(98, 1, 22, 261, 301, 2, 'pengikut UN'),
(99, 1, 23, 364, 280, 2, 'pengikut UN'),
(100, 1, 24, 229, 250, 2, 'pengikut UN'),
(101, 1, 25, 265, 285, 2, 'pengikut UN'),
(102, 1, 26, 225, 216, 2, 'pengikut UN'),
(103, 1, 27, 323, 309, 2, 'pengikut UN'),
(104, 1, 28, 558, 551, 2, 'pengikut UN'),
(105, 1, 29, 297, 296, 2, 'pengikut UN'),
(106, 1, 30, 401, 435, 2, 'pengikut UN'),
(107, 1, 31, 620, 562, 2, 'pengikut UN'),
(108, 1, 32, 220, 264, 2, 'pengikut UN'),
(109, 1, 33, 264, 196, 2, 'pengikut UN'),
(110, 1, 34, 218, 364, 2, 'pengikut UN'),
(111, 1, 35, 213, 217, 2, 'pengikut UN'),
(112, 1, 36, 186, 207, 2, 'pengikut UN'),
(113, 1, 37, 44, 66, 2, 'pengikut UN'),
(114, 1, 38, 265, 316, 2, 'pengikut UN'),
(115, 1, 1, 571, 624, 2, 'lulus'),
(116, 1, 2, 449, 430, 2, 'lulus'),
(117, 1, 3, 224, 229, 2, 'lulus'),
(118, 1, 4, 80, 75, 2, 'lulus'),
(119, 1, 5, 81, 86, 2, 'lulus'),
(120, 1, 6, 129, 149, 2, 'lulus'),
(121, 1, 7, 154, 157, 2, 'lulus'),
(122, 1, 8, 149, 148, 2, 'lulus'),
(123, 1, 9, 151, 218, 2, 'lulus'),
(124, 1, 10, 221, 204, 2, 'lulus'),
(125, 1, 11, 142, 150, 2, 'lulus'),
(126, 1, 12, 322, 414, 2, 'lulus'),
(127, 1, 13, 259, 299, 2, 'lulus'),
(128, 1, 14, 882, 911, 2, 'lulus'),
(129, 1, 15, 349, 297, 2, 'lulus'),
(130, 1, 16, 208, 312, 2, 'lulus'),
(131, 1, 17, 427, 417, 2, 'lulus'),
(132, 1, 18, 775, 723, 2, 'lulus'),
(133, 1, 19, 226, 202, 2, 'lulus'),
(134, 1, 20, 255, 267, 2, 'lulus'),
(135, 1, 21, 375, 380, 2, 'lulus'),
(136, 1, 22, 257, 296, 2, 'lulus'),
(137, 1, 23, 361, 274, 2, 'lulus'),
(138, 1, 24, 224, 246, 2, 'lulus'),
(139, 1, 25, 258, 282, 2, 'lulus'),
(140, 1, 26, 221, 212, 2, 'lulus'),
(141, 1, 27, 323, 306, 2, 'lulus'),
(142, 1, 28, 552, 544, 2, 'lulus'),
(143, 1, 29, 290, 290, 2, 'lulus'),
(144, 1, 30, 396, 424, 2, 'lulus'),
(145, 1, 31, 606, 541, 2, 'lulus'),
(146, 1, 32, 210, 259, 2, 'lulus'),
(147, 1, 33, 261, 194, 2, 'lulus'),
(148, 1, 34, 215, 362, 2, 'lulus'),
(149, 1, 35, 208, 213, 2, 'lulus'),
(150, 1, 36, 179, 201, 2, 'lulus'),
(151, 1, 37, 44, 64, 2, 'lulus'),
(152, 1, 38, 255, 310, 2, 'lulus');

-- --------------------------------------------------------

--
-- Table structure for table `mengulang`
--

CREATE TABLE `mengulang` (
  `id` int(100) NOT NULL,
  `id_tahun` int(100) NOT NULL,
  `id_daerah` int(100) NOT NULL,
  `lakilaki` int(100) NOT NULL,
  `perempuan` int(100) NOT NULL,
  `jenis` int(100) NOT NULL,
  `kelas` text NOT NULL
) ENGINE=InnoDB DEFAULT CHARSET=latin1;

--
-- Dumping data for table `mengulang`
--

INSERT INTO `mengulang` (`id`, `id_tahun`, `id_daerah`, `lakilaki`, `perempuan`, `jenis`, `kelas`) VALUES
(1, 1, 1, 1, 0, 1, 'kelas 1'),
(2, 1, 2, 0, 0, 1, 'kelas 1'),
(3, 1, 3, 0, 0, 1, 'kelas 1'),
(4, 1, 4, 2, 0, 1, 'kelas 1'),
(5, 1, 5, 0, 0, 1, 'kelas 1'),
(6, 1, 6, 2, 1, 1, 'kelas 1'),
(7, 1, 7, 2, 0, 1, 'kelas 1'),
(8, 1, 8, 1, 0, 1, 'kelas 1'),
(9, 1, 9, 0, 0, 1, 'kelas 1'),
(10, 1, 10, 2, 0, 1, 'kelas 1'),
(11, 1, 11, 1, 3, 1, 'kelas 1'),
(12, 1, 12, 0, 1, 1, 'kelas 1'),
(13, 1, 13, 0, 0, 1, 'kelas 1'),
(14, 1, 14, 1, 1, 1, 'kelas 1'),
(15, 1, 15, 0, 0, 1, 'kelas 1'),
(16, 1, 16, 0, 0, 1, 'kelas 1'),
(17, 1, 17, 0, 0, 1, 'kelas 1'),
(18, 1, 18, 1, 0, 1, 'kelas 1'),
(19, 1, 19, 0, 0, 1, 'kelas 1'),
(20, 1, 20, 0, 0, 1, 'kelas 1'),
(21, 1, 21, 2, 0, 1, 'kelas 1'),
(22, 1, 22, 0, 0, 1, 'kelas 1'),
(23, 1, 23, 0, 0, 1, 'kelas 1'),
(24, 1, 24, 1, 0, 1, 'kelas 1'),
(25, 1, 25, 6, 0, 1, 'kelas 1'),
(26, 1, 26, 4, 0, 1, 'kelas 1'),
(27, 1, 27, 5, 1, 1, 'kelas 1'),
(28, 1, 28, 0, 0, 1, 'kelas 1'),
(29, 1, 29, 0, 0, 1, 'kelas 1'),
(30, 1, 30, 3, 0, 1, 'kelas 1'),
(31, 1, 31, 18, 25, 1, 'kelas 1'),
(32, 1, 32, 3, 4, 1, 'kelas 1'),
(33, 1, 33, 17, 24, 1, 'kelas 1'),
(34, 1, 34, 3, 2, 1, 'kelas 1'),
(35, 1, 35, 14, 14, 1, 'kelas 1'),
(36, 1, 36, 8, 6, 1, 'kelas 1'),
(37, 1, 37, 22, 13, 1, 'kelas 1'),
(38, 1, 38, 9, 9, 1, 'kelas 1'),
(39, 1, 1, 0, 0, 1, 'kelas 2'),
(40, 1, 2, 1, 0, 1, 'kelas 2'),
(41, 1, 3, 0, 0, 1, 'kelas 2'),
(42, 1, 4, 1, 0, 1, 'kelas 2'),
(43, 1, 5, 0, 0, 1, 'kelas 2'),
(44, 1, 6, 0, 0, 1, 'kelas 2'),
(45, 1, 7, 0, 0, 1, 'kelas 2'),
(46, 1, 8, 0, 0, 1, 'kelas 2'),
(47, 1, 9, 0, 0, 1, 'kelas 2'),
(48, 1, 10, 0, 0, 1, 'kelas 2'),
(49, 1, 11, 1, 0, 1, 'kelas 2'),
(50, 1, 12, 0, 0, 1, 'kelas 2'),
(51, 1, 13, 0, 0, 1, 'kelas 2'),
(52, 1, 14, 0, 0, 1, 'kelas 2'),
(53, 1, 15, 1, 0, 1, 'kelas 2'),
(54, 1, 16, 0, 0, 1, 'kelas 2'),
(55, 1, 17, 0, 0, 1, 'kelas 2'),
(56, 1, 18, 0, 0, 1, 'kelas 2'),
(57, 1, 19, 0, 1, 1, 'kelas 2'),
(58, 1, 20, 0, 0, 1, 'kelas 2'),
(59, 1, 21, 0, 0, 1, 'kelas 2'),
(60, 1, 22, 0, 0, 1, 'kelas 2'),
(61, 1, 23, 0, 0, 1, 'kelas 2'),
(62, 1, 24, 0, 0, 1, 'kelas 2'),
(63, 1, 25, 1, 0, 1, 'kelas 2'),
(64, 1, 26, 0, 0, 1, 'kelas 2'),
(65, 1, 27, 0, 0, 1, 'kelas 2'),
(66, 1, 28, 4, 0, 1, 'kelas 2'),
(67, 1, 29, 18, 0, 1, 'kelas 2'),
(68, 1, 30, 0, 0, 1, 'kelas 2'),
(69, 1, 31, 0, 0, 1, 'kelas 2'),
(70, 1, 32, 0, 0, 1, 'kelas 2'),
(71, 1, 33, 0, 0, 1, 'kelas 2'),
(72, 1, 34, 2, 1, 1, 'kelas 2'),
(73, 1, 35, 0, 0, 1, 'kelas 2'),
(74, 1, 36, 0, 0, 1, 'kelas 2'),
(75, 1, 37, 0, 0, 1, 'kelas 2'),
(76, 1, 38, 0, 0, 1, 'kelas 2'),
(77, 1, 1, 0, 0, 1, 'kelas 3'),
(78, 1, 2, 0, 0, 1, 'kelas 3'),
(79, 1, 3, 0, 0, 1, 'kelas 3'),
(80, 1, 4, 0, 1, 1, 'kelas 3'),
(81, 1, 5, 0, 0, 1, 'kelas 3'),
(82, 1, 6, 0, 0, 1, 'kelas 3'),
(83, 1, 7, 0, 0, 1, 'kelas 3'),
(84, 1, 8, 0, 0, 1, 'kelas 3'),
(85, 1, 9, 0, 0, 1, 'kelas 3'),
(86, 1, 10, 0, 0, 1, 'kelas 3'),
(87, 1, 11, 0, 0, 1, 'kelas 3'),
(88, 1, 12, 0, 0, 1, 'kelas 3'),
(89, 1, 13, 0, 0, 1, 'kelas 3'),
(90, 1, 14, 0, 0, 1, 'kelas 3'),
(91, 1, 15, 0, 0, 1, 'kelas 3'),
(92, 1, 16, 0, 0, 1, 'kelas 3'),
(93, 1, 17, 0, 0, 1, 'kelas 3'),
(94, 1, 18, 0, 0, 1, 'kelas 3'),
(95, 1, 19, 0, 0, 1, 'kelas 3'),
(96, 1, 20, 0, 0, 1, 'kelas 3'),
(97, 1, 21, 0, 0, 1, 'kelas 3'),
(98, 1, 22, 0, 0, 1, 'kelas 3'),
(99, 1, 23, 0, 0, 1, 'kelas 3'),
(100, 1, 24, 0, 0, 1, 'kelas 3'),
(101, 1, 25, 0, 0, 1, 'kelas 3'),
(102, 1, 26, 0, 0, 1, 'kelas 3'),
(103, 1, 27, 0, 0, 1, 'kelas 3'),
(104, 1, 28, 0, 0, 1, 'kelas 3'),
(105, 1, 29, 0, 0, 1, 'kelas 3'),
(106, 1, 30, 0, 0, 1, 'kelas 3'),
(107, 1, 31, 0, 0, 1, 'kelas 3'),
(108, 1, 32, 0, 0, 1, 'kelas 3'),
(109, 1, 33, 0, 0, 1, 'kelas 3'),
(110, 1, 34, 0, 0, 1, 'kelas 3'),
(111, 1, 35, 0, 0, 1, 'kelas 3'),
(112, 1, 36, 0, 0, 1, 'kelas 3'),
(113, 1, 37, 0, 0, 1, 'kelas 3'),
(114, 1, 38, 0, 0, 1, 'kelas 3'),
(115, 1, 1, 4, 4, 2, 'kelas 1'),
(116, 1, 2, 5, 1, 2, 'kelas 1'),
(117, 1, 3, 1, 1, 2, 'kelas 1'),
(118, 1, 4, 0, 0, 2, 'kelas 1'),
(119, 1, 5, 0, 0, 2, 'kelas 1'),
(120, 1, 6, 1, 0, 2, 'kelas 1'),
(121, 1, 7, 3, 0, 2, 'kelas 1'),
(122, 1, 8, 0, 0, 2, 'kelas 1'),
(123, 1, 9, 3, 1, 2, 'kelas 1'),
(124, 1, 10, 2, 0, 2, 'kelas 1'),
(125, 1, 11, 1, 1, 2, 'kelas 1'),
(126, 1, 12, 0, 0, 2, 'kelas 1'),
(127, 1, 13, 1, 1, 2, 'kelas 1'),
(128, 1, 14, 0, 0, 2, 'kelas 1'),
(129, 1, 15, 2, 0, 2, 'kelas 1'),
(130, 1, 16, 0, 0, 2, 'kelas 1'),
(131, 1, 17, 0, 0, 2, 'kelas 1'),
(132, 1, 18, 0, 0, 2, 'kelas 1'),
(133, 1, 19, 0, 0, 2, 'kelas 1'),
(134, 1, 20, 2, 0, 2, 'kelas 1'),
(135, 1, 21, 6, 1, 2, 'kelas 1'),
(136, 1, 22, 1, 0, 2, 'kelas 1'),
(137, 1, 23, 0, 0, 2, 'kelas 1'),
(138, 1, 24, 1, 1, 2, 'kelas 1'),
(139, 1, 25, 5, 0, 2, 'kelas 1'),
(140, 1, 26, 0, 0, 2, 'kelas 1'),
(141, 1, 27, 0, 0, 2, 'kelas 1'),
(142, 1, 28, 7, 1, 2, 'kelas 1'),
(143, 1, 29, 0, 0, 2, 'kelas 1'),
(144, 1, 30, 1, 0, 2, 'kelas 1'),
(145, 1, 31, 5, 0, 2, 'kelas 1'),
(146, 1, 32, 2, 3, 2, 'kelas 1'),
(147, 1, 33, 8, 14, 2, 'kelas 1'),
(148, 1, 34, 9, 0, 2, 'kelas 1'),
(149, 1, 35, 2, 3, 2, 'kelas 1'),
(150, 1, 36, 11, 6, 2, 'kelas 1'),
(151, 1, 37, 3, 6, 2, 'kelas 1'),
(152, 1, 38, 3, 4, 2, 'kelas 1'),
(153, 1, 1, 3, 2, 2, 'kelas 2'),
(154, 1, 2, 6, 1, 2, 'kelas 2'),
(155, 1, 3, 1, 0, 2, 'kelas 2'),
(156, 1, 4, 0, 0, 2, 'kelas 2'),
(157, 1, 5, 1, 0, 2, 'kelas 2'),
(158, 1, 6, 2, 0, 2, 'kelas 2'),
(159, 1, 7, 2, 0, 2, 'kelas 2'),
(160, 1, 8, 2, 0, 2, 'kelas 2'),
(161, 1, 9, 0, 0, 2, 'kelas 2'),
(162, 1, 10, 0, 0, 2, 'kelas 2'),
(163, 1, 11, 0, 0, 2, 'kelas 2'),
(164, 1, 12, 1, 0, 2, 'kelas 2'),
(165, 1, 13, 1, 0, 2, 'kelas 2'),
(166, 1, 14, 0, 1, 2, 'kelas 2'),
(167, 1, 15, 3, 0, 2, 'kelas 2'),
(168, 1, 16, 0, 0, 2, 'kelas 2'),
(169, 1, 17, 1, 0, 2, 'kelas 2'),
(170, 1, 18, 0, 0, 2, 'kelas 2'),
(171, 1, 19, 0, 0, 2, 'kelas 2'),
(172, 1, 20, 0, 0, 2, 'kelas 2'),
(173, 1, 21, 2, 0, 2, 'kelas 2'),
(174, 1, 22, 1, 1, 2, 'kelas 2'),
(175, 1, 23, 0, 0, 2, 'kelas 2'),
(176, 1, 24, 0, 0, 2, 'kelas 2'),
(177, 1, 25, 6, 0, 2, 'kelas 2'),
(178, 1, 26, 2, 0, 2, 'kelas 2'),
(179, 1, 27, 0, 0, 2, 'kelas 2'),
(180, 1, 28, 12, 5, 2, 'kelas 2'),
(181, 1, 29, 0, 0, 2, 'kelas 2'),
(182, 1, 30, 0, 0, 2, 'kelas 2'),
(183, 1, 31, 6, 1, 2, 'kelas 2'),
(184, 1, 32, 0, 0, 2, 'kelas 2'),
(185, 1, 33, 10, 0, 2, 'kelas 2'),
(186, 1, 34, 4, 0, 2, 'kelas 2'),
(187, 1, 35, 1, 3, 2, 'kelas 2'),
(188, 1, 36, 2, 3, 2, 'kelas 2'),
(189, 1, 37, 4, 0, 2, 'kelas 2'),
(190, 1, 38, 8, 6, 2, 'kelas 2'),
(191, 1, 1, 0, 3, 2, 'kelas 3'),
(192, 1, 2, 1, 1, 2, 'kelas 3'),
(193, 1, 3, 0, 0, 2, 'kelas 3'),
(194, 1, 4, 0, 0, 2, 'kelas 3'),
(195, 1, 5, 0, 0, 2, 'kelas 3'),
(196, 1, 6, 1, 0, 2, 'kelas 3'),
(197, 1, 7, 0, 0, 2, 'kelas 3'),
(198, 1, 8, 0, 0, 2, 'kelas 3'),
(199, 1, 9, 0, 0, 2, 'kelas 3'),
(200, 1, 10, 0, 0, 2, 'kelas 3'),
(201, 1, 11, 0, 0, 2, 'kelas 3'),
(202, 1, 12, 0, 0, 2, 'kelas 3'),
(203, 1, 13, 0, 0, 2, 'kelas 3'),
(204, 1, 14, 0, 0, 2, 'kelas 3'),
(205, 1, 15, 1, 0, 2, 'kelas 3'),
(206, 1, 16, 0, 0, 2, 'kelas 3'),
(207, 1, 17, 0, 0, 2, 'kelas 3'),
(208, 1, 18, 0, 0, 2, 'kelas 3'),
(209, 1, 19, 0, 0, 2, 'kelas 3'),
(210, 1, 20, 0, 0, 2, 'kelas 3'),
(211, 1, 21, 0, 0, 2, 'kelas 3'),
(212, 1, 22, 0, 0, 2, 'kelas 3'),
(213, 1, 23, 0, 0, 2, 'kelas 3'),
(214, 1, 24, 0, 0, 2, 'kelas 3'),
(215, 1, 25, 0, 0, 2, 'kelas 3'),
(216, 1, 26, 0, 0, 2, 'kelas 3'),
(217, 1, 27, 0, 0, 2, 'kelas 3'),
(218, 1, 28, 3, 3, 2, 'kelas 3'),
(219, 1, 29, 0, 0, 2, 'kelas 3'),
(220, 1, 30, 0, 0, 2, 'kelas 3'),
(221, 1, 31, 1, 0, 2, 'kelas 3'),
(222, 1, 32, 0, 0, 2, 'kelas 3'),
(223, 1, 33, 0, 0, 2, 'kelas 3'),
(224, 1, 34, 1, 0, 2, 'kelas 3'),
(225, 1, 35, 0, 0, 2, 'kelas 3'),
(226, 1, 36, 0, 0, 2, 'kelas 3'),
(227, 1, 37, 0, 0, 2, 'kelas 3'),
(228, 1, 38, 4, 0, 2, 'kelas 3');

-- --------------------------------------------------------

--
-- Table structure for table `putus`
--

CREATE TABLE `putus` (
  `id` int(100) NOT NULL,
  `id_tahun` int(100) NOT NULL,
  `id_daerah` int(100) NOT NULL,
  `lakilaki` int(100) NOT NULL,
  `perempuan` int(100) NOT NULL,
  `jenis` int(100) NOT NULL,
  `kelas` text NOT NULL
) ENGINE=InnoDB DEFAULT CHARSET=latin1;

--
-- Dumping data for table `putus`
--

INSERT INTO `putus` (`id`, `id_tahun`, `id_daerah`, `lakilaki`, `perempuan`, `jenis`, `kelas`) VALUES
(1, 1, 1, 1, 1, 1, 'kelas 1'),
(2, 1, 2, 0, 1, 1, 'kelas 1'),
(3, 1, 3, 2, 1, 1, 'kelas 1'),
(4, 1, 4, 2, 0, 1, 'kelas 1'),
(5, 1, 5, 0, 0, 1, 'kelas 1'),
(6, 1, 6, 2, 6, 1, 'kelas 1'),
(7, 1, 7, 1, 0, 1, 'kelas 1'),
(8, 1, 8, 1, 0, 1, 'kelas 1'),
(9, 1, 9, 0, 0, 1, 'kelas 1'),
(10, 1, 10, 1, 1, 1, 'kelas 1'),
(11, 1, 11, 2, 0, 1, 'kelas 1'),
(12, 1, 12, 7, 11, 1, 'kelas 1'),
(13, 1, 13, 8, 2, 1, 'kelas 1'),
(14, 1, 14, 5, 14, 1, 'kelas 1'),
(15, 1, 15, 19, 6, 1, 'kelas 1'),
(16, 1, 16, 0, 0, 1, 'kelas 1'),
(17, 1, 17, 8, 8, 1, 'kelas 1'),
(18, 1, 18, 10, 13, 1, 'kelas 1'),
(19, 1, 19, 0, 0, 1, 'kelas 1'),
(20, 1, 20, 17, 15, 1, 'kelas 1'),
(21, 1, 21, 6, 3, 1, 'kelas 1'),
(22, 1, 22, 15, 18, 1, 'kelas 1'),
(23, 1, 23, 15, 26, 1, 'kelas 1'),
(24, 1, 24, 12, 11, 1, 'kelas 1'),
(25, 1, 25, 12, 6, 1, 'kelas 1'),
(26, 1, 26, 34, 20, 1, 'kelas 1'),
(27, 1, 27, 20, 19, 1, 'kelas 1'),
(28, 1, 28, 4, 4, 1, 'kelas 1'),
(29, 1, 29, 15, 8, 1, 'kelas 1'),
(30, 1, 30, 19, 12, 1, 'kelas 1'),
(31, 1, 31, 21, 17, 1, 'kelas 1'),
(32, 1, 32, 7, 10, 1, 'kelas 1'),
(33, 1, 33, 8, 16, 1, 'kelas 1'),
(34, 1, 34, 12, 15, 1, 'kelas 1'),
(35, 1, 35, 17, 19, 1, 'kelas 1'),
(36, 1, 36, 2, 1, 1, 'kelas 1'),
(37, 1, 37, 11, 17, 1, 'kelas 1'),
(38, 1, 38, 12, 16, 1, 'kelas 1'),
(39, 1, 1, 0, 0, 1, 'kelas 2'),
(40, 1, 2, 1, 0, 1, 'kelas 2'),
(41, 1, 3, 0, 0, 1, 'kelas 2'),
(42, 1, 4, 2, 2, 1, 'kelas 2'),
(43, 1, 5, 0, 1, 1, 'kelas 2'),
(44, 1, 6, 4, 0, 1, 'kelas 2'),
(45, 1, 7, 0, 2, 1, 'kelas 2'),
(46, 1, 8, 0, 0, 1, 'kelas 2'),
(47, 1, 9, 0, 0, 1, 'kelas 2'),
(48, 1, 10, 0, 0, 1, 'kelas 2'),
(49, 1, 11, 0, 2, 1, 'kelas 2'),
(50, 1, 12, 14, 3, 1, 'kelas 2'),
(51, 1, 13, 0, 0, 1, 'kelas 2'),
(52, 1, 14, 5, 7, 1, 'kelas 2'),
(53, 1, 15, 0, 6, 1, 'kelas 2'),
(54, 1, 16, 0, 0, 1, 'kelas 2'),
(55, 1, 17, 3, 0, 1, 'kelas 2'),
(56, 1, 18, 0, 0, 1, 'kelas 2'),
(57, 1, 19, 1, 1, 1, 'kelas 2'),
(58, 1, 20, 8, 9, 1, 'kelas 2'),
(59, 1, 21, 0, 6, 1, 'kelas 2'),
(60, 1, 22, 1, 2, 1, 'kelas 2'),
(61, 1, 23, 0, 0, 1, 'kelas 2'),
(62, 1, 24, 0, 0, 1, 'kelas 2'),
(63, 1, 25, 4, 1, 1, 'kelas 2'),
(64, 1, 26, 0, 0, 1, 'kelas 2'),
(65, 1, 27, 0, 0, 1, 'kelas 2'),
(66, 1, 28, 1, 4, 1, 'kelas 2'),
(67, 1, 29, 9, 5, 1, 'kelas 2'),
(68, 1, 30, 7, 9, 1, 'kelas 2'),
(69, 1, 31, 0, 0, 1, 'kelas 2'),
(70, 1, 32, 7, 14, 1, 'kelas 2'),
(71, 1, 33, 5, 6, 1, 'kelas 2'),
(72, 1, 34, 8, 1, 1, 'kelas 2'),
(73, 1, 35, 0, 0, 1, 'kelas 2'),
(74, 1, 36, 1, 4, 1, 'kelas 2'),
(75, 1, 37, 0, 0, 1, 'kelas 2'),
(76, 1, 38, 0, 0, 1, 'kelas 2'),
(77, 1, 1, 0, 0, 1, 'kelas 3'),
(78, 1, 2, 0, 0, 1, 'kelas 3'),
(79, 1, 3, 0, 0, 1, 'kelas 3'),
(80, 1, 4, 2, 1, 1, 'kelas 3'),
(81, 1, 5, 0, 2, 1, 'kelas 3'),
(82, 1, 6, 0, 0, 1, 'kelas 3'),
(83, 1, 7, 2, 0, 1, 'kelas 3'),
(84, 1, 8, 0, 0, 1, 'kelas 3'),
(85, 1, 9, 0, 0, 1, 'kelas 3'),
(86, 1, 10, 0, 0, 1, 'kelas 3'),
(87, 1, 11, 0, 0, 1, 'kelas 3'),
(88, 1, 12, 0, 0, 1, 'kelas 3'),
(89, 1, 13, 0, 0, 1, 'kelas 3'),
(90, 1, 14, 3, 2, 1, 'kelas 3'),
(91, 1, 15, 0, 3, 1, 'kelas 3'),
(92, 1, 16, 0, 0, 1, 'kelas 3'),
(93, 1, 17, 3, 0, 1, 'kelas 3'),
(94, 1, 18, 0, 0, 1, 'kelas 3'),
(95, 1, 19, 0, 0, 1, 'kelas 3'),
(96, 1, 20, 0, 0, 1, 'kelas 3'),
(97, 1, 21, 0, 0, 1, 'kelas 3'),
(98, 1, 22, 0, 0, 1, 'kelas 3'),
(99, 1, 23, 0, 0, 1, 'kelas 3'),
(100, 1, 24, 0, 0, 1, 'kelas 3'),
(101, 1, 25, 0, 1, 1, 'kelas 3'),
(102, 1, 26, 0, 0, 1, 'kelas 3'),
(103, 1, 27, 0, 0, 1, 'kelas 3'),
(104, 1, 28, 0, 7, 1, 'kelas 3'),
(105, 1, 29, 28, 34, 1, 'kelas 3'),
(106, 1, 30, 0, 0, 1, 'kelas 3'),
(107, 1, 31, 0, 0, 1, 'kelas 3'),
(108, 1, 32, 0, 0, 1, 'kelas 3'),
(109, 1, 33, 1, 0, 1, 'kelas 3'),
(110, 1, 34, 2, 1, 1, 'kelas 3'),
(111, 1, 35, 0, 0, 1, 'kelas 3'),
(112, 1, 36, 0, 0, 1, 'kelas 3'),
(113, 1, 37, 0, 0, 1, 'kelas 3'),
(114, 1, 38, 0, 0, 1, 'kelas 3'),
(115, 1, 1, 4, 4, 2, 'kelas 1'),
(116, 1, 2, 45, 20, 2, 'kelas 1'),
(117, 1, 3, 2, 4, 2, 'kelas 1'),
(118, 1, 4, 2, 11, 2, 'kelas 1'),
(119, 1, 5, 5, 2, 2, 'kelas 1'),
(120, 1, 6, 36, 3, 2, 'kelas 1'),
(121, 1, 7, 10, 6, 2, 'kelas 1'),
(122, 1, 8, 2, 7, 2, 'kelas 1'),
(123, 1, 9, 0, 0, 2, 'kelas 1'),
(124, 1, 10, 9, 2, 2, 'kelas 1'),
(125, 1, 11, 2, 7, 2, 'kelas 1'),
(126, 1, 12, 9, 13, 2, 'kelas 1'),
(127, 1, 13, 28, 11, 2, 'kelas 1'),
(128, 1, 14, 9, 8, 2, 'kelas 1'),
(129, 1, 15, 0, 0, 2, 'kelas 1'),
(130, 1, 16, 0, 0, 2, 'kelas 1'),
(131, 1, 17, 17, 3, 2, 'kelas 1'),
(132, 1, 18, 10, 6, 2, 'kelas 1'),
(133, 1, 19, 0, 5, 2, 'kelas 1'),
(134, 1, 20, 5, 10, 2, 'kelas 1'),
(135, 1, 21, 12, 11, 2, 'kelas 1'),
(136, 1, 22, 6, 2, 2, 'kelas 1'),
(137, 1, 23, 19, 18, 2, 'kelas 1'),
(138, 1, 24, 15, 17, 2, 'kelas 1'),
(139, 1, 25, 61, 2, 2, 'kelas 1'),
(140, 1, 26, 3, 0, 2, 'kelas 1'),
(141, 1, 27, 7, 1, 2, 'kelas 1'),
(142, 1, 28, 9, 0, 2, 'kelas 1'),
(143, 1, 29, 0, 0, 2, 'kelas 1'),
(144, 1, 30, 8, 12, 2, 'kelas 1'),
(145, 1, 31, 4, 3, 2, 'kelas 1'),
(146, 1, 32, 22, 15, 2, 'kelas 1'),
(147, 1, 33, 12, 16, 2, 'kelas 1'),
(148, 1, 34, 9, 6, 2, 'kelas 1'),
(149, 1, 35, 2, 5, 2, 'kelas 1'),
(150, 1, 36, 1, 2, 2, 'kelas 1'),
(151, 1, 37, 14, 13, 2, 'kelas 1'),
(152, 1, 38, 16, 3, 2, 'kelas 1'),
(153, 1, 1, 2, 0, 2, 'kelas 2'),
(154, 1, 2, 46, 16, 2, 'kelas 2'),
(155, 1, 3, 2, 1, 2, 'kelas 2'),
(156, 1, 4, 0, 12, 2, 'kelas 2'),
(157, 1, 5, 1, 1, 2, 'kelas 2'),
(158, 1, 6, 8, 5, 2, 'kelas 2'),
(159, 1, 7, 7, 9, 2, 'kelas 2'),
(160, 1, 8, 1, 6, 2, 'kelas 2'),
(161, 1, 9, 3, 0, 2, 'kelas 2'),
(162, 1, 10, 2, 0, 2, 'kelas 2'),
(163, 1, 11, 0, 5, 2, 'kelas 2'),
(164, 1, 12, 11, 12, 2, 'kelas 2'),
(165, 1, 13, 11, 11, 2, 'kelas 2'),
(166, 1, 14, 11, 19, 2, 'kelas 2'),
(167, 1, 15, 0, 6, 2, 'kelas 2'),
(168, 1, 16, 20, 0, 2, 'kelas 2'),
(169, 1, 17, 8, 11, 2, 'kelas 2'),
(170, 1, 18, 9, 3, 2, 'kelas 2'),
(171, 1, 19, 0, 7, 2, 'kelas 2'),
(172, 1, 20, 8, 5, 2, 'kelas 2'),
(173, 1, 21, 6, 7, 2, 'kelas 2'),
(174, 1, 22, 1, 0, 2, 'kelas 2'),
(175, 1, 23, 0, 0, 2, 'kelas 2'),
(176, 1, 24, 12, 13, 2, 'kelas 2'),
(177, 1, 25, 20, 3, 2, 'kelas 2'),
(178, 1, 26, 11, 6, 2, 'kelas 2'),
(179, 1, 27, 2, 1, 2, 'kelas 2'),
(180, 1, 28, 11, 5, 2, 'kelas 2'),
(181, 1, 29, 0, 0, 2, 'kelas 2'),
(182, 1, 30, 15, 5, 2, 'kelas 2'),
(183, 1, 31, 2, 1, 2, 'kelas 2'),
(184, 1, 32, 2, 1, 2, 'kelas 2'),
(185, 1, 33, 8, 18, 2, 'kelas 2'),
(186, 1, 34, 13, 1, 2, 'kelas 2'),
(187, 1, 35, 5, 6, 2, 'kelas 2'),
(188, 1, 36, 0, 0, 2, 'kelas 2'),
(189, 1, 37, 10, 15, 2, 'kelas 2'),
(190, 1, 38, 11, 0, 2, 'kelas 2'),
(191, 1, 1, 1, 0, 2, 'kelas 3'),
(192, 1, 2, 3, 3, 2, 'kelas 3'),
(193, 1, 3, 0, 0, 2, 'kelas 3'),
(194, 1, 4, 0, 7, 2, 'kelas 3'),
(195, 1, 5, 0, 0, 2, 'kelas 3'),
(196, 1, 6, 2, 1, 2, 'kelas 3'),
(197, 1, 7, 0, 3, 2, 'kelas 3'),
(198, 1, 8, 0, 1, 2, 'kelas 3'),
(199, 1, 9, 6, 0, 2, 'kelas 3'),
(200, 1, 10, 2, 2, 2, 'kelas 3'),
(201, 1, 11, 0, 4, 2, 'kelas 3'),
(202, 1, 12, 1, 0, 2, 'kelas 3'),
(203, 1, 13, 1, 4, 2, 'kelas 3'),
(204, 1, 14, 0, 0, 2, 'kelas 3'),
(205, 1, 15, 0, 3, 2, 'kelas 3'),
(206, 1, 16, 0, 0, 2, 'kelas 3'),
(207, 1, 17, 0, 0, 2, 'kelas 3'),
(208, 1, 18, 0, 0, 2, 'kelas 3'),
(209, 1, 19, 1, 3, 2, 'kelas 3'),
(210, 1, 20, 3, 0, 2, 'kelas 3'),
(211, 1, 21, 4, 4, 2, 'kelas 3'),
(212, 1, 22, 0, 0, 2, 'kelas 3'),
(213, 1, 23, 0, 0, 2, 'kelas 3'),
(214, 1, 24, 2, 1, 2, 'kelas 3'),
(215, 1, 25, 2, 0, 2, 'kelas 3'),
(216, 1, 26, 1, 0, 2, 'kelas 3'),
(217, 1, 27, 2, 0, 2, 'kelas 3'),
(218, 1, 28, 5, 2, 2, 'kelas 3'),
(219, 1, 29, 0, 0, 2, 'kelas 3'),
(220, 1, 30, 12, 7, 2, 'kelas 3'),
(221, 1, 31, 0, 0, 2, 'kelas 3'),
(222, 1, 32, 1, 0, 2, 'kelas 3'),
(223, 1, 33, 0, 4, 2, 'kelas 3'),
(224, 1, 34, 4, 3, 2, 'kelas 3'),
(225, 1, 35, 7, 2, 2, 'kelas 3'),
(226, 1, 36, 0, 0, 2, 'kelas 3'),
(227, 1, 37, 2, 0, 2, 'keals 3'),
(228, 1, 38, 3, 1, 2, 'keals 3');

-- --------------------------------------------------------

--
-- Table structure for table `siswa_baru`
--

CREATE TABLE `siswa_baru` (
  `id` int(100) NOT NULL,
  `id_tahun` int(100) NOT NULL,
  `id_daerah` int(100) NOT NULL,
  `lakilaki` int(100) NOT NULL,
  `perempuan` int(100) NOT NULL,
  `jenis` int(100) NOT NULL
) ENGINE=InnoDB DEFAULT CHARSET=latin1;

--
-- Dumping data for table `siswa_baru`
--

INSERT INTO `siswa_baru` (`id`, `id_tahun`, `id_daerah`, `lakilaki`, `perempuan`, `jenis`) VALUES
(1, 1, 1, 4016, 4992, 1),
(2, 1, 2, 1347, 1841, 1),
(3, 1, 3, 316, 275, 1),
(4, 1, 4, 619, 803, 1),
(5, 1, 5, 181, 214, 1),
(6, 1, 6, 416, 538, 1),
(7, 1, 7, 655, 482, 1),
(8, 1, 8, 373, 318, 1),
(9, 1, 9, 289, 342, 1),
(10, 1, 10, 1930, 2287, 1),
(11, 1, 11, 2418, 2708, 1),
(12, 1, 12, 1541, 1731, 1),
(13, 1, 13, 1205, 1605, 1),
(14, 1, 14, 1294, 1586, 1),
(15, 1, 15, 1726, 1961, 1),
(16, 1, 16, 1601, 1806, 1),
(17, 1, 17, 672, 967, 1),
(18, 1, 18, 1179, 1227, 1),
(19, 1, 19, 1388, 1303, 1),
(20, 1, 20, 924, 1657, 1),
(21, 1, 21, 678, 600, 1),
(22, 1, 22, 1930, 1606, 1),
(23, 1, 23, 1545, 1634, 1),
(24, 1, 24, 1360, 1764, 1),
(25, 1, 25, 1448, 2073, 1),
(26, 1, 26, 906, 1377, 1),
(27, 1, 27, 2285, 2207, 1),
(28, 1, 28, 2077, 1981, 1),
(29, 1, 29, 980, 969, 1),
(30, 1, 30, 1242, 1392, 1),
(31, 1, 31, 779, 802, 1),
(32, 1, 32, 460, 583, 1),
(33, 1, 33, 2247, 2595, 1),
(34, 1, 34, 2287, 2736, 1),
(35, 1, 35, 452, 688, 1),
(36, 1, 36, 710, 855, 1),
(37, 1, 37, 462, 456, 1),
(38, 1, 38, 1229, 1263, 1),
(39, 1, 1, 8992, 7888, 2),
(40, 1, 2, 2068, 2375, 2),
(41, 1, 3, 448, 492, 2),
(42, 1, 4, 1051, 1044, 2),
(43, 1, 5, 447, 359, 2),
(44, 1, 6, 211, 262, 2),
(45, 1, 7, 581, 442, 2),
(46, 1, 8, 481, 476, 2),
(47, 1, 9, 326, 279, 2),
(48, 1, 10, 2854, 2562, 2),
(49, 1, 11, 7616, 6664, 2),
(50, 1, 12, 1762, 1837, 2),
(51, 1, 13, 2763, 2932, 2),
(52, 1, 14, 1255, 1116, 2),
(53, 1, 15, 1634, 1472, 2),
(54, 1, 16, 2305, 2945, 2),
(55, 1, 17, 772, 652, 2),
(56, 1, 18, 1457, 1891, 2),
(57, 1, 19, 1032, 935, 2),
(58, 1, 20, 1328, 1347, 2),
(59, 1, 21, 353, 369, 2),
(60, 1, 22, 3203, 1530, 2),
(61, 1, 23, 1704, 1646, 2),
(62, 1, 24, 1167, 1045, 2),
(63, 1, 25, 1334, 1200, 2),
(64, 1, 26, 1493, 1309, 2),
(65, 1, 27, 5717, 5868, 2),
(66, 1, 28, 2181, 2910, 2),
(67, 1, 29, 1352, 1381, 2),
(68, 1, 30, 1245, 908, 2),
(69, 1, 31, 714, 660, 2),
(70, 1, 32, 879, 909, 2),
(71, 1, 33, 5601, 5279, 2),
(72, 1, 34, 4778, 4685, 2),
(73, 1, 35, 898, 912, 2),
(74, 1, 36, 1724, 1756, 2),
(75, 1, 37, 557, 529, 2),
(76, 1, 38, 998, 1177, 2);

-- --------------------------------------------------------

--
-- Table structure for table `sma`
--

CREATE TABLE `sma` (
  `id` int(100) NOT NULL,
  `nspn` int(100) NOT NULL,
  `lat` double NOT NULL,
  `long` double NOT NULL,
  `name` text NOT NULL,
  `alamat` text NOT NULL,
  `id_daerah` int(100) NOT NULL,
  `telp` int(100) NOT NULL,
  `web` varchar(100) NOT NULL,
  `jenis` int(100) NOT NULL,
  `image` varchar(100) NOT NULL
) ENGINE=InnoDB DEFAULT CHARSET=latin1;

--
-- Dumping data for table `sma`
--

INSERT INTO `sma` (`id`, `nspn`, `lat`, `long`, `name`, `alamat`, `id_daerah`, `telp`, `web`, `jenis`, `image`) VALUES
(1, 20532242, -7.257437, 112.749493, 'SMA NEGERI 1 SURABAYA', 'JL. WIJAYAKUSUMA NO. 48 SURABAYA', 1, 315345670, 'sman1sby.sch.id/site/', 1, 'sma1.jpg'),
(2, 20532230, -7.256611, 112.74942, 'SMA NEGERI 2 SURABAYA', 'JL. WIJAYAKUSUMA NO. 48', 1, 315345972, 'sman2-sby.sch.id', 1, ''),
(3, 20532235, -7.242041, 112.789872, 'SMA NEGERI 3 SURABAYA', 'JL. MEMET SASTROWIRYO KOMP TNI-AL KENJERAN', 1, 313812356, 'sman3surabaya.sch.id', 1, ''),
(4, 20532247, -7.265682, 112.755124, 'SMA NEGERI 4 SURABAYA', 'JL. MAYJEND PROF. DR. MOESTOPO NO. 4', 1, 315015455, 'sman4-sby.sch.id', 1, ''),
(5, 20532248, -7.256826, 112.75023, 'SMA NEGERI 5 SURABAYA', 'JL. KUSUMA BANGSA 21 SURABAYA', 1, 315345155, 'sman5surabaya.sch.id', 1, ''),
(6, 20532260, -7.263383, 112.744525, 'SMA NEGERI 6 SURABAYA', 'JL. GUBERNUR SOERYO 11 SURABAYA', 1, 315345974, 'sman6sby.sch.id', 1, ''),
(7, 20532261, -7.247948, 112.752779, 'SMA NEGERI 7 SURABAYA', 'JL. NGAGLIK 27-29 SURABAYA', 1, 313718085, 'sman7sby.sch.id', 1, ''),
(8, 20532262, -7.224222, 112.742159, 'SMA NEGERI 8 SURABAYA', 'JL. SULTAN ISKANDAR MUDA NO. 42 SURABAYA', 1, 313291732, 'sman8sby.sch.id', 1, ''),
(9, 20532263, -7.257874, 112.750381, 'SMA NEGERI 9 SURABAYA', 'JL. WIJAYAKUSUMA 48 SURABAYA', 1, 315342608, 'dispendik.surabaya.go.id', 1, ''),
(10, 20532243, -7.320186, 112.740577, 'SMA NEGERI 10 SURABAYA', 'JL. JEMURSARI I/28 SURABAYA', 1, 318415273, 'sma10sby.sch.id', 1, ''),
(11, 20532244, -7.262064, 112.660723, 'SMA NEGERI 11 SURABAYA', 'JL. PERUMNAS TANDES 1 MANUKAN KULON', 1, 317405420, 'sman11sby.com', 1, ''),
(12, 20532245, -7.242293, 112.636666, 'SMA NEGERI 12 SURABAYA', 'JL. SEMEMI BENOWO SURABAYA', 1, 317406368, 'sman12sby.sch.id', 1, ''),
(13, 20532246, -7.307472, 112.66281, 'SMA NEGERI 13 SURABAYA', 'LIDAH KULON KEC.LAKARSANTRI SBY', 1, 317531770, 'sman13sby.sch.id/', 1, ''),
(14, 20532238, -7.315048, 112.765383, 'SMA NEGERI 14 SURABAYA', 'PERUM YKP. IV TENGGILIS MEJOYO', 1, 318414451, 'sman14sby.sch.id/news.php?item.1.1', 1, ''),
(15, 20532237, -7.341247, 112.718836, 'SMA NEGERI 15 SURABAYA', 'JL. MENANGGAL SELATAN 103 GAYUNGAN SURABAYA', 1, 318290473, 'sman15-sby.sch.id/', 1, ''),
(16, 20532236, -7.309739, 112.7596, 'SMA NEGERI 16 SURABAYA', 'JL. RAYA PRAPEN SURABAYA', 1, 318415492, 'sman16sby.com', 1, ''),
(17, 20532217, -7.327502, 112.77482, 'SMA NEGERI 17 SURABAYA', 'JL. RUNGKUT ASRI TENGAH KOMP. YKP', 1, 318784197, '', 1, ''),
(18, 20532218, -7.313189, 112.714055, 'SMA NEGERI 18 SURABAYA', 'JL.BIBIS KARAH SAWAH NO 9 SURABAYA', 1, 318286003, 'sman18sby.com/', 1, ''),
(19, 20532219, -7.22198, 112.777218, 'SMA NEGERI 19 SURABAYA', 'JL. KEDUNG COWEK NO. 390 SURABAYA', 1, 318286003, 'sman19sby.sch.id', 1, ''),
(20, 20532231, -7.307237, 112.789186, 'SMA NEGERI 20 SURABAYA', 'JL. MEDOKAN SEMAMPIR SURABAYA', 1, 315935720, 'sman20surabaya.com', 1, ''),
(21, 20532232, -7.26014, 112.729702, 'SMA NEGERI 21 SURABAYA', 'JL. ARGOPURO 11 - 15 SURABAYA', 1, 315350753, 'sman21surabaya.sch.id', 1, ''),
(22, 20532233, -7.333086, 112.678496, 'SMA NEGERI 22 SURABAYA', 'JL. BALASKLUMPRIK WIYUNG', 1, 317664530, 'sman22sby.sch.id', 1, ''),
(23, 20533660, -7.976784, 112.634883, 'SMA NEGERI 1 MALANG', 'JL. TUGU UTARA NOMOR 1', 2, 341366454, 'sman1-mlg.sch.id', 1, ''),
(24, 20533664, -7.991463, 112.633721, 'SMA NEGERI 2 MALANG', 'JL. LAKS. MARTADINATA 84 MALANG', 2, 341366311, 'sman2-malang.sch.id', 1, ''),
(25, 20533665, -7.9759, 112.63515, 'SMA NEGERI 3 MALANG', 'JL. SULTAN AGUNG UTARA 7 MALANG', 2, 341324768, 'sman3-malang.sch.id', 1, ''),
(26, 20533667, -7.976376, 112.634539, 'SMA NEGERI 4 MALANG', 'JL. TUGU UTARA NO 1 MALANG', 2, 341325267, 'sman4malang.sch.id', 1, ''),
(27, 20533653, -7.989259, 112.626298, 'SMA NEGERI 5 MALANG', 'JL.TANIMBAR 24 MALANG', 2, 341364580, 'sman5malang.sch.id', 1, ''),
(28, 20533652, -8.010219, 112.64339, 'SMA NEGERI 6 MALANG', 'JL. MAYJEN SUNGKONO 58 MALANG', 2, 341752036, '', 1, ''),
(29, 20533639, -7.945224, 112.628167, 'SMA NEGERI 7 MALANG', 'JL. CENGGER AYAM I/14 MALANG', 2, 341495256, '', 1, ''),
(30, 20533640, -7.956957, 112.616841, 'SMA NEGERI 8 MALANG', 'JL. VETERAN 37 MALANG', 2, 341551096, '', 1, ''),
(31, 20533641, -7.936086, 112.625222, 'SMA NEGERI 9 MALANG', 'JL. PUNCAK BOROBUDUR 1 MALANG', 2, 341471855, '(0341 471855', 1, ''),
(32, 20533661, -7.974485, 112.660105, 'SMA NEGERI 10 MALANG', 'JL. DANAU GRATI NO.1 MALANG', 2, 341719300, 'sman10malang.sch.id', 1, ''),
(33, 20533662, -8.006978, 112.610179, 'SMA NEGERI 11 MALANG (TIDAK UN', 'JL. PELABUHAN BAKAHUNI NO 1', 2, 0, '', 1, ''),
(34, 20533663, -7.924986, 112.65891, 'SMA NEGERI 12 MALANG (TIDAK UN', 'JL. PAHLAWAN BALEARJOSARI MALANG', 2, 341400884, 'smkn12malang.sch.id', 1, ''),
(35, 20534125, -7.632888, 111.531318, 'SMA NEGERI 1 MADIUN', 'JL. MASTRIP NO. 19 MADIUN', 3, 351454393, 'sman1madiun.sch.id', 1, ''),
(36, 20534124, -7.621567, 111.525765, 'SMA NEGERI 2 MADIUN', 'JL. BILITON NO. 24 MADIUN', 3, 351453542, '', 1, ''),
(37, 20534122, -7.606446, 111.515505, 'SMA NEGERI 3 MADIUN', 'JL. RING ROAD BARAT MADIUN', 3, 0, '', 1, ''),
(38, 20534121, -7.647162, 111.525363, 'SMA NEGERI 4 MADIUN', 'JL. SERAYU NO. 80 MADIUN', 3, 351464537, '', 1, ''),
(39, 20534120, -7.631878, 111.528552, 'SMA NEGERI 5 MADIUN', 'JL. MASTRIP NO. 29 MADIUN', 3, 351454169, 'sman5madiun.sch.id', 1, ''),
(40, 20534119, -7.633325, 111.530554, 'SMA NEGERI 6 MADIUN', 'JL. SUHUD NOSINGO NO. 1 MADIUN', 3, 351453448, 'sma6madiun.sch.id', 1, ''),
(41, 20534389, -7.811263, 112.002876, 'SMA NEGERI 1 KOTA KEDIRI', 'JL. VETERAN NO. 1 KEDIRI', 4, 354771829, 'smastkediri.sch.id', 1, ''),
(42, 20534383, -7.813414, 112.000476, 'SMA NEGERI 7 KOTA KEDIRI', 'JL. PENANGGUNGAN 4 KEDIRI', 4, 354771171, 'smaptakdr.sch.id', 1, ''),
(43, 20534388, -7.811587, 111.999266, 'SMA NEGERI 2 KOTA KEDIRI', 'JL. VETERAN 7 KEDIRI', 4, 354771121, 'sman2kediri.sch.id', 1, ''),
(44, 20534385, -7.809823, 111.980135, 'SMA NEGERI 5 KOTA KEDIRI', 'JL. SELOMANGLENG 2 KEDIRI', 4, 354771074, 'smanegeri5kediri.sch.id', 1, ''),
(45, 20534387, -7.831966, 112.044158, 'SMA NEGERI 3 KOTA KEDIRI', 'JL. MAUNI NO. 88 KOTA KEDIRI', 4, 354683809, 'sman3kediri.sch.id', 1, ''),
(46, 20534384, -7.853141, 112.022019, 'SMA NEGERI 6 KOTA KEDIRI', 'JL. NGASINAN NO.52 REJOMULYO KEDIRI', 4, 354688574, 'smanakediri.sch.id', 1, ''),
(47, 20534386, -7.854392, 112.007009, 'SMA NEGERI 4 KOTA KEDIRI', 'JL. SERSAN SUHARMAJI IX/52 KOTA KEDIRI', 4, 354688864, 'sman4kdr.sch.id', 1, ''),
(48, 20534382, -7.816539, 112.028025, 'SMA NEGERI 8 KOTA KEDIRI', 'JL. P.K. BANGSA 77 KOTA KEDIRI', 4, 354687151, 'mail.sman8kediri.sch.id', 1, ''),
(49, 20534748, -7.48435, 112.435098, 'SMA NEGERI 1 MOJOKERTO', 'JL.IRIAN JAYA 1 MOJOKERTO', 5, 321322735, 'sman1mojokerto.sch.id', 1, ''),
(50, 20534749, -7.45745, 112.444821, 'SMA NEGERI 2 MOJOKERTO', 'JL.RAYA IJEN 9 WATES MOJOKERTO', 5, 321321505, 'sman2mojokerto.sch.id', 1, ''),
(51, 20534750, -7.462815, 112.438424, 'SMA NEGERI 3 MOJOKERTO', 'JL.PEMUDA NO.33 MOJOKERTO', 5, 321322235, 'sman3mojokerto.sch.id', 1, ''),
(52, 20535050, -8.100902, 112.180614, 'SMA NEGERI 1 BLITAR', 'JL. A. YANI 112 BLITAR', 6, 342801414, 'sman1blitar.sch.id', 1, ''),
(53, 20535051, -8.065441, 112.176807, 'SMA NEGERI 2 BLITAR', 'JL. CILIWUNG NO. 396 KOTA BLITAR', 6, 0, 'sman2blitar.sch.id', 1, ''),
(54, 20535052, -8.092216, 112.147686, 'SMA NEGERI 3 BLITAR', 'JL. BENGAWANSOLO - BLITAR', 6, 342807225, 'sman3blitar.sch.id', 1, ''),
(55, 20574675, -8.105015, 112.163731, 'SMA NEGERI 4 BLITAR', 'JL. MELATI NO. 49 BLITAR', 6, 342805091, '', 1, ''),
(56, 20535464, -7.637733, 112.90387, 'SMA NEGERI 1 PASURUAN', 'JL. SOEKARNO-HATTA NO. 40, PASURUAN', 7, 343421466, 'sman1-pasuruan.sch.id', 1, ''),
(57, 20535474, -7.639598, 112.900668, 'SMA NEGERI 4 PASURUAN', 'JL. HASANUDIN NO. 76, PASURUAN', 7, 343422522, '', 1, ''),
(58, 20535465, -7.660893, 112.894786, 'SMA NEGERI 2 PASURUAN', 'JL. PANGLIMA SUDIRMAN 163, PASURUAN', 7, 343421059, 'smadapas.sch.id', 1, ''),
(59, 20535475, -7.648835, 112.887073, 'SMA NEGERI 3 PASURUAN', 'JL. SIMPANG SLAMET RIYADI NO. 144, SEBANI-PASURUAN', 7, 343426646, 'sman3pasuruan.sch.id', 1, ''),
(60, 20536288, -7.754344, 113.196235, 'SMA NEGERI 1 PROBOLINGGO', 'JALAN SOEKARNO HATTA 137 PROBOLINGGO', 8, 335421566, 'sman1probolinggo.sch.id', 1, ''),
(61, 20536297, -7.765403, 113.19967, 'SMA NEGERI 2 PROBOLINGGO', 'JALAN KI HAJAR DEWANTARA PROBOLINGGO', 8, 335423196, 'sman2-pbl.sch.id', 1, ''),
(62, 20536295, -7.764998, 113.202691, 'SMA NEGERI 4 PROBOLINGGO', 'JALAN SLAMET RIYADI KANIGARAN KOTA PROBOLINGGO', 8, 335423192, 'sman4-pbl.sch.id', 1, ''),
(63, 20536296, -7.802644, 113.211168, 'SMA NEGERI 3 PROBOLINGGO', 'JALAN JERUK WONOASH PROBOLINGGO', 8, 2147483647, '', 1, ''),
(64, 20536817, -7.878981, 112.52766, 'SMA NEGERI 1 BATU', 'JL. KH. AGUS SALIM NO. 57 BATU', 9, 341591310, '', 1, ''),
(65, 20536818, -7.906038, 112.55398, 'SMA NEGERI 2 BATU', 'JL. HASANUDIN JUNREJO BATU', 9, 341465454, '', 1, ''),
(66, 20500479, -7.168245, 112.653232, 'SMA NEGERI 1 GRESIK', 'JL. ARIF RAHMAN HAKIM NO.1 GRESIK', 10, 313981887, 'portal.smansagres.sch.id', 1, ''),
(67, 20500477, -7.144725, 112.610861, 'SMA NEGERI 1 MANYAR', 'JL.KAYU RAYA PONGANGAN INDAH MANYAR GRESIK', 10, 857, '', 1, ''),
(68, 20500474, -6.999195, 112.564102, 'SMA NEGERI 1 SIDAYU', 'JL. PAHLAWAN NO.06 SIDAYU', 10, 313949011, 'smansigres.sch.id', 1, ''),
(69, 20500481, -7.226414, 112.557549, 'SMA NEGERI 1 CERME', 'JL.RAYA BARAT PASAR CERME LOR  NO. 176', 10, 0, 'smanic.sch.id', 1, ''),
(70, 20500478, -7.324421, 112.512933, 'SMA NEGERI 1 KEDAMEAN', 'JL. RAYA SLEMPIT KEDAMEAN', 10, 317912431, 'smanike-gresik.sch.id', 1, ''),
(71, 20500476, -7.267998, 112.562509, 'SMA NEGERI 1 MENGANTI', 'JL. RAYA BOTENG, MENGANTI, GRESIK', 10, 317994974, '', 1, ''),
(72, 20500480, -7.353587, 112.626555, 'SMA NEGERI 1 DRIYOREJO', 'JL. RAYA TENARU DRIYOREJO  GRESIK', 10, 317507072, 'sekolah.data.kemdikbud.go.id', 1, ''),
(73, 20500473, -7.376118, 112.526474, 'SMA NEGERI 1 WRINGINANOM', 'JL. RAYA SEMBUNG    WRINGINANOM GRESIK 61176', 10, 2147483647, '', 1, ''),
(74, 20500475, -5.847305, 112.666725, 'SMA NEGERI 1 SANGKAPURA', 'JL. WIYATAMANDALA NO. 10 SANGKAPURA', 10, 325421026, 'sman1sangkapura.sch.id', 1, ''),
(75, 20537011, -7.163134, 112.604168, 'SMA NEGERI 1 KEBOMAS', 'JL. DR.WAHIDIN SH. PERUM ALAM BUKIT RAYA BLOK A6 N', 10, 313955053, 'smabomgresik.sch.id', 1, ''),
(76, 69772636, -7.29598, 112.4262, 'SMA NEGERI 1 BALONGPANGGANG', 'JL. RAYA TANAH LANDEAN BALONGPANGGANG', 10, 2147483647, 'smansamantup.sch.id', 1, ''),
(77, 20501706, -7.435097, 112.721632, 'SMA NEGERI 1 SIDOARJO', 'JL. JENGGOLO NO. 1 SIDOARJO', 11, 318941493, 'sman1-sda.sch.id', 1, ''),
(78, 20501699, -7.43851, 112.703128, 'SMA NEGERI OLAH RAGA SIDOARJO', 'DESA PAGERWOJO BUDURAN-SIDOARJO', 11, 318929182, 'smanorjatim-cbl.com', 1, ''),
(79, 20501702, -7.461442, 112.703814, 'SMA NEGERI 2 SIDOARJO', 'JL. LINGKAR BARAT GADING FAJAR   2  SIDOARJO', 11, 318961119, 'sman2sidoarjo.sch.id', 1, ''),
(80, 20501701, -7.46246, 112.722363, 'SMA NEGERI 3 SIDOARJO', 'JL. DR. WAHIDIN NO. 130 SIDOARJO', 11, 318961625, 'sman3sda.sch.id', 1, ''),
(81, 20501700, -7.447008, 112.685236, 'SMA NEGERI 4 SIDOARJO', 'JL. RAYA SUKO SIDOARJO', 11, 318966365, 'sman4sda.sch.id', 1, ''),
(82, 20501722, -7.538257, 112.690057, 'SMA NEGERI 1 PORONG', 'JL. BHAYANGKARI 12 PORONG', 11, 343856068, 'sman1porong.sch.id', 1, ''),
(83, 20501846, -7.511778, 112.624985, 'SMA NEGERI 1 KREMBUNG', 'JALAN RAYA KECAMATAN NO. 2', 11, 318853865, '', 1, ''),
(84, 20501784, -7.402003, 112.578172, 'SMA NEGERI 1 KRIAN', 'JL. GUB. SOENANDAR P. NO.5', 11, 318971528, '', 1, ''),
(85, 20501705, -7.36385, 112.679761, 'SMA NEGERI 1 TAMAN', 'JL. SAWUNGGALING NO. 2 JEMUNDO', 11, 317882446, '', 1, ''),
(86, 20501703, -7.355058, 112.757939, 'SMA NEGERI 1 WARU', 'JL BRANTAS WISMA TROPODO WARU', 11, 318661460, 'smantaru.sch.id', 1, ''),
(87, 20501862, -7.387842, 112.741518, 'SMA NEGERI 1 GEDANGAN', 'JL. RAYA SEDATI KM.2', 11, 318910819, 'sman1gedangan.sch.id', 1, ''),
(88, 20501698, -7.430459, 112.617956, 'SMA NEGERI WONOAYU', 'JL. RAYA PAGERNGUMBUK WONOAYU', 11, 318977980, '', 1, ''),
(89, 20501704, -7.433431, 112.523267, 'SMA NEGERI TARIK', 'DS. JANTI TARIK', 11, 2147483647, '', 1, ''),
(90, 20502727, -7.497731, 112.422987, 'SMA NEGERI 1 SOOKO', 'JL.R.AKHMAD BASUNI 361 MOJOKERTO', 11, 321322637, 'sman1sooko.sch.id', 1, ''),
(91, 20502726, -7.48243, 112.43968, 'SMA NEGERI 1 PURI MOJOKERTO', 'JL. JAYANEGARA NO. 2 MOJOKERTO', 12, 321322636, 'sman1puri.sch.id', 1, ''),
(92, 20502721, -7.45434, 112.398576, 'SMA NEGERI 1 GEDEG', 'JL PENDIDIKAN 55 GEDEG MOJOKERTO', 12, 321362842, '', 1, ''),
(93, 20502720, -7.331658, 112.421469, 'SMA NEGERI 1 DAWARBLANDONG', 'JL. JON DJAROT SUBIANTORO', 12, 317922010, '', 1, ''),
(94, 20502724, -7.509131, 112.560338, 'SMA NEGERI 1 MOJOSARI', 'JALAN PEMUDA 55 MOJOSARI KABUPATEN MOJOKERTO', 12, 321591457, 'sman1mojosari.sch.id', 1, ''),
(95, 20502728, -7.643187, 112.597126, 'SMA NEGERI 1 TRAWAS', 'JL.JOLOTUNDO DS.PENANGGUNGANKEC.TRAWAS', 12, 343884945, '', 1, ''),
(96, 20502722, -7.611901, 112.483088, 'SMA NEGERI 1 GONDANG', 'JL. RAYA PUGERAN 61 GONDANG', 12, 321510314, 'sman1gomoker.sch.id', 1, ''),
(97, 20502723, -7.569126, 112.509285, 'SMA NEGERI 1 KUTOREJO', 'JL. LAPANGAN NO. 2 KUTOREJO', 12, 321511232, '', 1, ''),
(98, 20502699, -7.516932, 112.487323, 'SMA NEGERI 1 BANGSAL', 'DS. PETERONGAN, KEC. BANGSAL, KAB. MOJOKERTO', 12, 321598403, 'sman1bangsal.sch.id', 1, ''),
(99, 20502725, -7.569887, 112.590409, 'SMA NEGERI 1 NGORO', 'JL. CANDI JOLOTUNDO KUTOGIRANG NGORO MOJOKERTO', 12, 2147483647, '', 1, ''),
(100, 20552007, -7.611402, 112.529012, 'SMA NEGERI 1 PACET', 'DESA PANDANARUM KEC. PACET', 12, 321691273, '', 1, ''),
(101, 20503415, -7.555936, 112.233803, 'SMA NEGERI 1 JOMBANG', 'JL. BUPATI RAA SOEROADININGRAT NO 8  JOMBANG', 12, 0, '', 1, ''),
(102, 20503414, -7.551826, 112.226957, 'SMA NEGERI 2 JOMBANG', 'JL DR WAHIDIN S NO.1 JOMBANG', 13, 321861777, 'smadajo.sch.id', 1, ''),
(103, 20503416, -7.591321, 112.271062, 'SMA NEGERI 1 JOGOROTO', 'JL. RAYA JOGOROTO NO.75 B JOMBANG', 13, 321865469, 'smanjogoroto.sch.id', 1, ''),
(104, 20503413, -7.551928, 112.2307, 'SMA NEGERI 3  JOMBANG', 'JL. DR. SUTOMO 75 JOMBANG', 13, 321861439, 'sman3jombang.sch.id', 1, ''),
(105, 20503407, -7.690544, 112.264729, 'SMA NEGERI NGORO', 'JL. KAWI 6 NGORO', 13, 0, '', 1, ''),
(106, 20503411, -7.661081, 112.296197, 'SMA NEGERI BARENG', 'JL.SOEKARNO-HATTA,MOJOTENGAH', 13, 321711380, 'smanbareng.sch.id', 1, ''),
(107, 20503406, -7.442908, 112.224709, 'SMA NEGERI PLOSO', 'JL. RAYA 230 PLOSO', 13, 321888814, 'smanegeriploso.sch.id', 1, ''),
(108, 20540304, -7.466736, 112.185492, 'SMA NEGERI PLANDAAN', 'JL. RAYA BANGSRI NO. 38 PLANDAAN', 13, 321883222, '', 1, ''),
(109, 20503409, -7.496855, 112.344418, 'SMA NEGERI KESAMBEN', 'CARANGREJO, KESAMBEN', 13, 321495272, '', 1, ''),
(110, 20503408, -7.573606, 112.332223, 'SMA NEGERI MOJOAGUNG JOMBANG', 'JL. JANTI 18 MOJOAGUNG JOMBANG', 13, 321495516, 'smanmojoagung.sch.id', 1, ''),
(111, 20503410, -7.398806, 112.208687, 'SMA NEGERI KABUH', 'JL. RAYA TANJUNGWADUNG 40 KABUH', 13, 321888222, 'smankabuh.sch.id', 1, ''),
(112, 20503412, -7.589272, 112.131561, 'SMA NEGERI BANDARKEDUNGMULYO', 'JL. RAYA BANDARKEDUNGMULYO', 13, 321871786, 'smanbandar.sch.id', 1, ''),
(113, 20504500, -7.151937, 111.880298, 'SMA NEGERI 1 BOJONEGORO', 'JL. PANGLIMA SUDIRMAN 28 BOJONEGORO', 14, 353881574, '', 1, ''),
(114, 20504479, -7.164252, 111.884056, 'SMA NEGERI 3 BOJONEGORO', 'JL. MONGINSIDI NO. 9 BOJONEGORO', 14, 353882180, 'sman3bojonegoro.sch.id', 1, ''),
(115, 20504478, -7.168562, 111.869095, 'SMA NEGERI 2 BOJONEGORO', 'JL. HOS COKROAMINOTO NO. 9 BOJONEGORO', 14, 353881663, 'sma2bojonegoro.sch.id', 1, ''),
(116, 20504480, -7.149873, 111.882867, 'SMA NEGERI 4 BOJONEGORO', 'JL. AKBP.M. SUROKO 30 BOJONEGORO', 14, 353881460, 'sman4bojonegoro.sch.id', 1, ''),
(117, 20541229, -7.258675, 111.856646, 'SMA NEGERI 1 DANDER', 'JL. RAYA DANDER KM. 2 DANDER BJN', 14, 353891636, '', 1, ''),
(118, 20504487, -7.167967, 111.60968, 'SMA NEGERI 1 PADANGAN', 'JL. DR. SUTOMO 2 PADANGAN', 14, 353551483, 'sman-1-padangan.business.site', 1, ''),
(119, 20504488, -7.139105, 111.764771, 'SMA NEGERI 1 KALITIDU', 'JL. RAYA NGASEM NO. 458 KALITIDU', 14, 353511490, 'sman1kalitidu.sch.id', 1, ''),
(120, 20504477, -7.226149, 111.557743, 'SMA NEGERI 1 NGRAHO', 'JL. RAYA NGRAHO NO.60 NGRAHO', 14, 0, '', 1, ''),
(121, 20541240, -7.110286, 111.622511, 'SMA NEGERI 1 KASIMAN', 'JL. RAYA KEDEWAN NO.15 KASIMAN', 14, 0, 'sman1kasiman.sch.id', 1, ''),
(122, 20541242, -7.172927, 112.019141, 'SMA NEGERI 1 SUMBERREJO', 'JL. RAYA SUMBERREJO 131', 14, 353331116, '', 1, ''),
(123, 20541241, -7.312897, 112.047491, 'SMA NEGERI 1 KEDUNGADEM', 'JL. RINGINANOM, NO.1 DS. TUMBRASANOMKEC. KEDUN', 14, 0, '', 1, ''),
(124, 20541228, -7.130421, 112.102507, 'SMA NEGERI 1 BAURENO', 'JL. A. YANI NO. 554 B BAURENO, BOJONEGORO', 14, 322455844, 'sman1baureno.sch.id', 1, ''),
(125, 20504476, -7.295749, 111.954796, 'SMA NEGERI 1 SUGIHWARAS', 'JL. RAYA 656 SUGIHWARAS', 14, 0, 'sman1sugihwaras.sch.id', 1, ''),
(126, 20504489, -7.39753, 111.873319, 'SMA NEGERI 1 GONDANG', 'JL. RAYA BETEK GONDANG BOJONEGORO', 14, 2147483647, '', 1, ''),
(127, 20541243, -7.267757, 111.61584, 'SMA NEGERI 1 TAMBAKREJO', 'JL. RAYA TAJI - NGAMBON, TAMBAKREJO', 14, 0, 'smanegeri1tambakrejo.sch.id', 1, ''),
(128, 20554882, -7.19471, 111.944646, 'SMA NEGERI 1 BALEN', 'JL. SOBONTORO NO.1 BALEN, BOJONEGORO', 14, 353333380, 'sman1balen.sch.id', 1, ''),
(129, 20574581, -7.176114, 111.907397, 'SMA NEGERI MODEL TERPADU BOJONEGORO', 'JL. RAYA SUKOWATI KAPAS', 14, 0, '', 1, ''),
(130, 20577218, -7.226506, 112.087517, 'SMA NEGERI 1 KEPOHBARU', 'JL. HAYAM WURUK,NO. 50, KEPOHBARU, BOJONEGORO', 14, 0, '', 1, ''),
(131, 69881365, -7.111274, 111.757024, 'SMA NEGERI 1 MALO', 'JL. BATIK MADRIM NO. 01 TANGGIR MALO BOJONEGORO', 14, 0, '', 1, ''),
(132, 20573214, -7.328434, 111.813541, 'SMA NEGERI 1 BUBULAN', 'JL. RAYA BUBULAN DS.CANCUNG KEC.BUBULAN .BOJONEGOR', 14, 0, '', 1, ''),
(133, 20505009, -6.901901, 112.068472, 'SMA NEGERI 1 TUBAN', 'JL. WR. SUPRATMAN 2 TUBAN', 14, 356321272, 'smansatuban.sch.id', 1, ''),
(134, 20505010, -6.800577, 111.863629, 'SMA NEGERI 1 TAMBAKBOYO', 'JL.RAYA SOBONTORO TAMBAKBOYO', 14, 0, 'sman1tambakboyo.sch.id', 1, ''),
(135, 20505008, -6.901096, 112.048032, 'SMA NEGERI 2 TUBAN', 'JL. DR. WAHIDIN SH.NO.869 TUBAN', 15, 356321094, 'smadatuban.sch.id', 1, ''),
(136, 20505007, -6.904731, 112.079859, 'SMA NEGERI 3 TUBAN', 'JALAN MANUNGGAL NO.14 TUBAN', 15, 356321997, 'sman3tuban.sch.id', 1, ''),
(137, 20505011, -6.962184, 111.786754, 'SMA NEGERI 1 SINGGAHAN', 'JL.RAYA MULYOAGUNG 1122 SINGGAHAN', 15, 2147483647, 'sman1singgahan.sch.id', 1, ''),
(138, 20505015, -6.869408, 111.654871, 'SMA NEGERI 1 JATIROGO', 'JL. RAYA BADER 20 JATIROGO', 15, 356551060, 'smanjatirogo.sch.id', 1, ''),
(139, 20505014, -7.050898, 111.818349, 'SMA NEGERI 1 PARENGAN', 'PARENGAN TUBAN', 15, 0, '', 1, ''),
(140, 20505013, -7.04357, 112.044906, 'SMA NEGERI 1 RENGEL', 'JL.RAYA BANJARAGUNG RENGEL', 15, 356811061, 'sman1rengel.wordpress.com', 1, ''),
(141, 20539030, -6.876916, 112.02412, 'SMA NEGERI 4 TUBAN', 'JL. RAYA PERUM MONDOKAN SENTOSA TUBAN', 15, 356329121, 'sman4tuban.sch.id', 1, ''),
(142, 20546976, -7.024152, 112.145117, 'SMA NEGER1 1 WIDANG', 'JL. RAYA COMPRENG TUBAN', 15, 356815726, '', 1, ''),
(143, 20546556, -7.005975, 111.978486, 'SMA NEGERI GRABAGAN', 'JL. RAYA GRABAGAN RENGEL', 15, 0, '', 1, ''),
(144, 20539029, -7.115869, 111.932209, 'SMA NEGERI 1 SOKO', 'JL. RAYA SOKOSARI KEC. SOKO', 15, 0, '', 1, ''),
(145, 20539031, -6.947367, 111.722339, 'SMA NEGERI 1 BANGILAN', 'JL. RAYA BANGILAN KEC. BANGILAN', 15, 2147483647, 'sman1bangilan.sch.id', 1, ''),
(146, 20546978, -6.90973, 111.883619, 'SMA NEGERI 1 KEREK', 'JL. RAYA KEREK - MONTONG NO. 1 JAROREJO KEREK', 15, 0, '', 1, ''),
(147, 20554395, -6.991462, 112.113289, 'SMA NEGERI 1 PLUMPANG', 'JL. RAYA PAKAH - PLUMPANG TUBAN', 15, 813, 'sman1-plumpang.sch.id', 1, ''),
(148, 20546977, -6.788525, 111.78423, 'SMA NEGERI 1 BANCAR', 'JL. RAYA DS. NGAMPELREJO BANCAR TUBAN', 15, 356412150, '', 1, ''),
(149, 20554397, -6.935001, 112.057011, 'SMA NEGERI 5 TUBAN', 'JL. RAYA BEKTIHARJO SEMANDING, TUBAN', 15, 356327974, 'sman5tuban.sch.id', 1, ''),
(150, 20554399, -6.958943, 111.880945, 'SMA NEGERI 1 MONTONG', 'JL. RAYA MONTONG TANGGULANGIN KM. 1 MONTONG, TUBAN', 15, 0, 'smansamontong.sch.id', 1, ''),
(151, 20566350, -7.046602, 111.741529, 'SMA NEGERI 1 SENORI', 'JL. RAYA SIDOHARJO KM. 7 KEC. SENORI, TUBAN', 15, 2147483647, 'sman1senori.sch.id', 1, ''),
(152, 20554398, -6.908581, 111.633092, 'SMA NEGERI 1 KENDURUAN', 'JL. RAYA BLORA DS. SIDOMUKTI KENDURUAN, TUBAN', 15, 0, '', 1, ''),
(153, 20506327, -7.118976, 112.422599, 'SMA NEGERI 1 LAMONGAN', 'JALAN VETERAN 41 LAMONGAN', 16, 32231819, 'sman1lmg.sch.id', 1, ''),
(154, 20506254, -7.11467, 112.423265, 'SMA NEGERI 2 LAMONGAN', 'JALAN VETERAN NO. 1 LAMONGAN', 16, 322321187, 'smun2-lamongan.sch.id', 1, ''),
(155, 20506292, -7.108804, 112.171482, 'SMA NEGERI 1 BABAT', 'JL. SUMOWIHARJO NO. 1 BABAT', 16, 322451201, 'sekolah.data.kemdikbud.go.id/index.php/chome/profil/523ba54d-6b4e-4e71-bce2-91e20a5e0289', 1, ''),
(156, 20506255, -7.101904, 112.32224, 'SMA NEGERI 1 SUKODADI', 'JL. PANDU NO. 32 SUKODADI', 16, 322390010, '', 1, ''),
(157, 20506291, -6.873034, 112.309946, 'SMA NEGERI I PACIRAN', 'JL. RAYA KANDANGSEMANGKON 587', 16, 322661632, 'smanegeri1paciran.sch.id', 1, ''),
(158, 20506343, -7.299194, 112.215434, 'SMA NEGERI 1 NGIMBANG', 'JALAN RAYA KECAMATAN NGIMBANG', 16, 2147483647, 'sman1ngimbang.sch.id', 1, ''),
(159, 20506324, -7.025498, 112.485599, 'SMA NEGERI 1 KARANGBINANGUN', 'DESA WINDU KEC. KARANGBINANGUN', 16, 2147483647, 'sman1karangbinangun.com', 1, ''),
(160, 20506325, -7.187062, 112.209401, 'SMA NEGERI I KEDUNGPRING', 'JL. MAYANGKARA N0. 11 KEDUNGPRING', 16, 322452200, 'sman1kedungpring.sch.id', 1, ''),
(161, 20506328, -7.270014, 112.36943, 'SMA NEGERI 1 MANTUP', 'JLN. RAYA BALONGPANGGANG, MANTUP', 16, 2147483647, 'smansamantup.sch.id', 1, ''),
(162, 20549024, -7.112599, 112.389104, 'SMA NEGERI 3 LAMONGAN', 'DESA TANJUNG LAMONGAN', 16, 322311571, 'sman3-lamongan.sch.id', 1, ''),
(163, 20506240, -7.06499, 112.277573, 'SMA NEGERI 1 SEKARAN', 'JL.TELAGA NO. 7 BULUTENGGER SEKARAN', 16, 0, '', 1, ''),
(164, 20506323, -7.314328, 112.130568, 'SMA NEGERI 1 BLULUK', 'JL. RAYA BLULUK SUKORAME, BLULUK', 16, 2147483647, 'dapo.dikdasmen.kemdikbud.go.id', 1, ''),
(165, 20506326, -7.230388, 112.376593, 'SMA NEGERI 1 KEMBANGBAHU', 'DS. PELANG,KEMBANGBAHU, LAMONGAN', 16, 0, '', 1, ''),
(166, 20507733, -7.548126, 111.652312, 'SMA NEGERI 1 MEJAYAN', 'JL. P.SUDIRMAN NO.82 CARUBAN', 16, 351383083, 'sman1mejayan.sch.id', 1, ''),
(167, 20507731, -7.490805, 111.663644, 'SMA NEGERI 1 PILANGKENCENG', 'JL. RAYA PILANGKENCENG 15', 17, 351386926, 'sman1pilangkenceng.sch.id', 1, ''),
(168, 20507728, -7.548571, 111.667917, 'SMA NEGERI 2 MEJAYAN', 'JL. P. SUDIRMAN NO. 58 MEJAYAN', 17, 351387790, 'sman2mejayan.sch.id', 1, ''),
(169, 20507730, -7.552856, 111.6994, 'SMA NEGERI 1 SARADAN', 'JL. RAYA SARADAN KAB. MADIUN', 17, 0, '', 1, ''),
(170, 20507732, -7.576176, 111.544422, 'SMA NEGERI 1 NGLAMES', 'JL. RAYA NGLAMES', 17, 2147483647, '', 1, ''),
(171, 20507729, -7.690474, 111.628529, 'SMA NEGERI 1 WUNGU', 'JL. RAYA KARE NO. 156 KAB.MADIUN', 17, 351494070, 'sman1wungu.sch.id', 1, ''),
(172, 20507734, -7.596978, 111.480643, 'SMA NEGERI 1 JIWAN', 'JL. DANDANG GENDIS, DS. TEGUHAN, KEC.JIWAN, KAB.MA', 17, 351458294, '', 1, ''),
(173, 20507726, -7.727871, 111.532811, 'SMA NEGERI 1 GEGER', 'JL. RAYA UTERAN, KAB. MADIUN', 17, 351367070, 'sman1geger.sch.id', 1, ''),
(174, 20507725, -7.764607, 111.533096, 'SMA NEGERI 1 DOLOPO', 'JL. SULUK DOLOPO MADIUN', 17, 351368175, '20212950.siap-sekolah.com', 1, ''),
(175, 20507717, -7.710378, 111.551989, 'SMA NEGERI 1 DAGANGAN', 'JL. GERILYA NO. 7 DAGANGAN', 17, 351368589, '', 1, ''),
(176, 20508480, -7.41962, 111.442094, 'SMA NEGERI 1 NGAWI', 'JL. A. YANI 45 NGAWI', 18, 351749089, '', 1, ''),
(177, 20508472, -7.515554, 111.263083, 'SMA NEGERI 1 JOGOROGO', 'JL. RAYA-JOGOROGO - NGAWI', 18, 351730357, 'sman-1-jogorogo.business.site', 1, ''),
(178, 20508470, -7.391533, 111.358688, 'SMA NEGERI 1 KEDUNGGALAR', 'JL. RAYA SOLO KM. 12 TRINIL - NGAWI', 18, 0, 'sman1kedunggalar.wordpress.com', 1, ''),
(179, 20508492, -7.441757, 111.43836, 'SMA NEGERI 2 NGAWI', 'JL.A. YANI KLITIK NGAWI', 18, 351749293, 'smadangawi.sch.id', 1, ''),
(180, 20508471, -7.448519, 111.581444, 'SMA NEGERI 1 KARANGJATI', 'JALAN RAYA CARUBAN - NGAWI', 18, 351661729, '', 1, ''),
(181, 20508493, -7.379284, 111.213427, 'SMA NEGERI 1 WIDODAREN', 'JL. DR. RADJIMAN 30 KAUMAN', 18, 351671563, 'sman1widodaren.sch.id', 1, ''),
(182, 20508481, -7.461951, 111.215339, 'SMA NEGERI 1 NGRAMBE', 'DS.CEPOKO KEC. NGRAMBE', 18, 351671074, '', 1, ''),
(183, 20508482, -7.508121, 111.167939, 'SMA NEGERI 1 SINE', 'JL. RAYA SINE', 18, 351611011, '', 1, ''),
(184, 20539276, -7.501216, 111.503869, 'SMA NEGERI 1 KWADUNGAN', 'JL RAYA NGAWI KWADUNGAN KM 15 DESA TIRAK', 18, 0, '', 1, ''),
(185, 20509318, -7.65571, 111.316187, 'SMA NEGERI 1 MAGETAN', 'JL. MONGINSIDI NOMOR 24 MAGETAN', 19, 351895076, 'smasa-magetan.sch.id', 1, ''),
(186, 20509319, -7.684206, 111.427681, 'SMA NEGERI 1 KAWEDANAN', 'JL.RAYA GENENGAN GORANGGARENG, MAGETAN', 19, 351439255, 'sman1kawedanan.sch.id', 1, ''),
(187, 20509316, -7.749815, 111.345405, 'SMA NEGERI 1 PARANG', 'JL. RAYA PARANG 27', 19, 351871045, '', 1, ''),
(188, 20509322, -7.639551, 111.330847, 'SMA NEGERI 2 MAGETAN', 'JL.TRIPANDITA NO.2 MAGETAN', 19, 351895317, 'sman2magetan.sch.id', 1, ''),
(189, 20509314, -7.622376, 111.374621, 'SMA NEGERI 1 SUKOMORO', 'DS.KEDUNGGUWO,SUKOMORO,MAGETAN', 19, 0, 'sman1sukomoro.sch.id', 1, ''),
(190, 20509320, -7.577462, 111.406012, 'SMA NEGERI 1 KARAS', 'JL.RAYA KENDAL KEC. KARAS MGT', 19, 351868800, 'sma1karas.sch.id', 1, ''),
(191, 20509317, -7.595286, 111.425128, 'SMA NEGERI 1 MAOSPATI', 'JL. RAYA MAOSPATI-MAGETAN NO. 999', 19, 351866469, '', 1, ''),
(192, 20509321, -7.553118, 111.454022, 'SMA NEGERI 1 BARAT', 'JL. PASAR LEGI BARAT', 19, 351869380, '', 1, ''),
(193, 20509323, -7.654286, 111.299019, 'SMA NEGERI 3 MAGETAN', 'JL. RAYA SARANGAN 45 MAGETAN JAWA TIMUR', 19, 351895528, 'smantigamagetan.sch.id', 1, ''),
(194, 20509315, -7.671861, 111.218559, 'SMA NEGERI 1 PLAOSAN', 'JL. RAYA SARANGAN DESA PACALAN', 19, 351888369, '', 1, ''),
(195, 20510150, -7.863738, 111.494421, 'SMA NEGERI 1 PONOROGO', 'JL. BUDI UTOMO  NO. 1 PONOROGO', 20, 352481145, 'smazapo.sch.id', 1, ''),
(196, 20510147, -7.872902, 111.478971, 'SMA NEGERI 2 PONOROGO', 'JL. PACAR 24 PONOROGO', 20, 352481268, '', 1, ''),
(197, 20510135, -7.815741, 111.496722, 'SMA NEGERI 1 BABADAN', 'JL. PERIKANAN PONDOK BABADAN', 20, 0, 'sman1babadan.sch.id', 1, ''),
(198, 20510146, -7.882278, 111.460046, 'SMA NEGERI 3 PONOROGO', 'JL. LAKS. YOS SUDARSO III/1 PONOROGO', 20, 352481525, 'smagaponorogo.sch.id', 1, ''),
(199, 20510149, -8.006925, 111.422571, 'SMA NEGERI 1 SLAHUNG', 'JL. RAYA BUNGKAL  NO. 24 GALAK', 20, 352371160, 'sman1slahungponorogo.wordpress.com', 1, ''),
(200, 20510133, -7.95985, 111.442523, 'SMA NEGERI 1 BALONG', 'JL. KEMAJUAN 8 DS KARANGAN, BALONG', 20, 0, 'sman1balong.blogspot.com', 1, ''),
(201, 20510144, -7.985948, 111.453341, 'SMA NEGERI 1 BUNGKAL', 'JL. AHMAD YANI NO. 21, DS. BANCAR, KEC.BUNGKAL, PO', 20, 352373095, 'sman1bungkal.sch.id', 1, ''),
(202, 20510134, -7.872798, 111.384391, 'SMA NEGERI 1 BADEGAN', 'MENANG, JAMBON, PONOROGO', 20, 352751251, '', 1, ''),
(203, 20510152, -7.965667, 111.534381, 'SMA NEGERI 1 SAMBIT', 'JL. PONOROGO TRENGGALEK,SAMBIT', 20, 352311285, '', 1, ''),
(204, 20510155, -7.910872, 111.529918, 'SMA NEGERI 1 MLARAK', 'JL.RAYA MLARAK PONOROGO', 20, 352486542, '', 1, ''),
(205, 20510153, -7.880852, 111.610791, 'SMA NEGERI 1 PULUNG', 'JL. JAYENGRONO 36 PULUNG PO', 20, 352571080, '', 1, ''),
(206, 20510154, -8.093788, 111.472287, 'SMA NEGERI 1 NGRAYUN', 'DS SELUR KEC. NGRAYUN PONOROGO', 20, 0, '', 1, ''),
(207, 20510145, -7.808874, 111.550228, 'SMA NEGERI 1 JENANGAN', 'JL. RAYA NGEBEL - SEMANDING-JENANGAN-PONOROGO', 20, 0, '', 1, ''),
(208, 20510148, -7.497742, 112.422986, 'SMA NEGERI 1 SOOKO', 'DS. SOOKO KEC.SOOKO PONOROGO', 20, 321322637, 'sman1sooko.sch.id', 1, ''),
(209, 20510151, -7.803492, 111.364365, 'SMA NEGERI 1 SAMPUNG', 'JL. RAYA SAMPUNG', 20, 2147483647, '', 1, ''),
(210, 20549506, -8.063906, 111.869629, 'SMA NEGERI 1 KAUMAN', 'DESA CARAT, KEC. KAUMAN', 20, 0, 'smansaka.sch.id', 1, ''),
(211, 20511011, -8.205122, 111.092671, 'SMA NEGERI 1 PACITAN', 'JL. LETJEND. SUPRAPTO NO. 49', 21, 357881086, 'sman1-pacitan.sch.id', 1, ''),
(212, 20511005, -8.149343, 111.023281, 'SMA NEGERI PUNUNG', 'JL. RAYA SOLO NO. 27 PUNUNG', 21, 357511030, '', 1, ''),
(213, 20511010, -8.207214, 111.135392, 'SMA NEGERI 2 PACITAN', 'JL. BUONO KELING NO.- KAYEN', 21, 357884249, '', 1, ''),
(214, 20511006, -8.231103, 111.307908, 'SMA NEGERI 1 NGADIROJO', 'DS. HADILUWIH KEC. NGADIROJO KAB.PACITAN PROPINSI', 21, 2147483647, 'sman1ngadirojopacitan.blogspot.co.id', 1, ''),
(215, 20511002, -8.148222, 111.346021, 'SMA NEGERI 2 NGADIROJO', 'DS. WONOKARTO, KEC. NGADIROJO', 21, 2147483647, '', 1, ''),
(216, 20511003, -8.170155, 111.278724, 'SMA NEGERI TULAKAN', 'DS. BUNGUR, KEC. TULAKAN, KAB. PACITAN, JAWA TIMUR', 21, 357441577, 'smantulakan.sch.id', 1, ''),
(217, 20511007, -7.947643, 111.188566, 'SMA NEGERI NAWANGAN', 'JALAN PAKIS BARU NAWANGAN PACITAN', 21, 357371003, 'smknegeri1nawangan.com', 1, ''),
(218, 20511004, -8.037982, 111.353121, 'SMA NEGERI TEGALOMBO', 'JALAN BULUSARI NO. 1 GEMAHARJO. KAB. PACITAN', 21, 2147483647, 'smantegalombo.sch.id', 1, ''),
(219, 20511953, -7.763493, 112.183464, 'SMA NEGERI 1 PARE', 'JL. P.K. BANGSA NO. 41 PARE', 22, 354391132, 'sman1pare.sch.id', 1, ''),
(220, 20511959, -7.745968, 112.277439, 'SMA NEGERI 1 KANDANGAN', 'JL. HAYAM WURUK 96 KANDANGAN', 22, 354326759, '', 1, ''),
(221, 20511950, -7.840035, 112.261682, 'SMA NEGERI 1 PUNCU', 'DS. ASMOROBANGUN PUNCU', 22, 354397616, 'sman1puncu.sch.id', 1, ''),
(222, 20511965, -7.75888, 112.176101, 'SMA NEGERI 2 PARE', 'JL. P. KUSUMA BANGSA 28 PARE', 22, 354391177, 'smadapare.sch.id', 1, ''),
(223, 20511952, -7.716359, 112.129528, 'SMA NEGERI 1 PLEMAHAN', 'JL PLK GG I BOGOKIDUL-PLEMAHAN', 22, 354528259, '', 1, ''),
(224, 20511960, -7.813739, 112.086842, 'SMA NEGERI 1 GURAH', 'JL. BALONG SARI 3 GURAH', 22, 354548215, 'sman1pare.sch.id', 1, ''),
(225, 20511958, -7.899533, 112.0339, 'SMA NEGERI 1 KANDAT', 'JL.RAYA 71 DS PULE KEC. KANDAT KAB. KEDIRI', 22, 354478007, '', 1, ''),
(226, 20511955, -7.916015, 111.994595, 'SMA NEGERI 1 NGADILUWIH', 'JL. PUSKESMAS BRANGGAHAN. NGL', 22, 354477494, 'sma1ngadiluwih.sch.id', 1, ''),
(227, 20511954, -7.713655, 112.070074, 'SMA NEGERI 1 PAPAR', 'JL. RAYA 382 JANTI,PAPAR,KEDIRI,JATIM', 22, 354529288, '', 1, ''),
(228, 20511949, -7.66511, 112.11912, 'SMA NEGERI 1 PURWOASRI', 'JL. PAHLAWAN DS. KETAWANG', 22, 354529619, 'sman1purwoasri.sch.id', 1, ''),
(229, 20511961, -7.750431, 111.970127, 'SMA NEGERI 1 GROGOL', 'JL.RAYA GRINGGING 16 SONOREJO', 22, 354773009, 'sman1grogol.sch.id', 1, ''),
(230, 20511956, -7.893659, 111.967611, 'SMA NEGERI 1 MOJO KEDIRI', 'JL.TAMBANGAN NO.16 MLATI MOJO KABUPATEN KEDIRI', 22, 354476918, 'sman1mojo.sch.id', 1, ''),
(231, 20511964, -7.916616, 112.093048, 'SMA NEGERI 1 WATES', 'POJOK WATES KEDIRI', 22, 354442540, 'smanewa.sch.id', 1, ''),
(232, 20511951, -7.831527, 112.121402, 'SMA NEGERI 1 PLOSOKLATEN', 'JL DIPONEGOR NO. 5 DS. KAWEDUSAN KEC. PLOSOKLATEN', 22, 2147483647, '', 1, ''),
(233, 20511957, -7.989158, 111.957338, 'SMA NEGERI 1 KRAS', 'DS. SETONOREJO KRAS KEDIRI', 22, 0, '', 1, ''),
(234, 20538321, -7.600962, 111.889421, 'SMA NEGERI 1 NGANJUK', 'JL. KAPTEN KASIHIN HS NO. 4 NGANJUK', 23, 358321915, 'smasa-nganjuk.sch.id', 1, ''),
(235, 20538330, -7.644111, 111.870258, 'SMA NEGERI 1 BERBEK', 'DS. SENDANGBUMEN, KEC. BERBEK', 23, 0, '', 1, ''),
(236, 20538326, -7.611454, 111.913418, 'SMA NEGERI 2 NGANJUK', 'JL. ANJUK LADANG NO 9 NGANJUK', 23, 0, '', 1, ''),
(237, 20538322, -7.665996, 111.883708, 'SMA NEGERI 1 LOCERET', 'JL. DR. SUTOMO, NGEPEH, LOCERET, NGANJUK', 23, 358324776, 'sman1-loceret.sch.id', 1, ''),
(238, 20538323, -7.68217, 111.937315, 'SMA NEGERI 1 PACE', 'JL. SRIGADING 1 PACE WETAN', 23, 358331088, 'smapa-njk.blogspot.com', 1, ''),
(239, 20538327, -7.581713, 111.903688, 'SMA NEGERI 3 NGANJUK', 'JL. BENGAWAN SOLO 109 NGANJUK', 23, 358322082, 'sman3nganjuk.sch.id', 1, ''),
(240, 20538328, -7.62155, 111.936409, 'SMA NEGERI 1 SUKOMORO', 'DS. SUMENGKO, SUKOMORO, NGANJUK', 23, 0, '', 1, ''),
(241, 20538394, -7.601581, 112.09585, 'SMA NEGERI 1 KERTOSONO', 'JL. P. SUDIRMAN NO. 10 KERTOSONO', 23, 358551493, '', 1, ''),
(242, 20539811, -7.704186, 112.045937, 'SMA NEGERI 1 NGRONGGOT', 'DS. TANJUNGKJALANG, NGRONGGOT', 23, 899, 'sman1ngronggot.sch.id', 1, ''),
(243, 20538324, -7.575564, 112.110552, 'SMA NEGERI 1 PATIANROWO', 'JL. RAYA PG LESTARI PATIANROWO', 23, 358551594, 'sman1patianrowo.sch.id', 1, ''),
(244, 20538325, -7.639716, 112.007363, 'SMA NEGERI 1 TANJUNGANOM', 'JL. P. SUDIRMAN NO. 84', 23, 358771543, 'smantan.blogspot.com', 1, ''),
(245, 20538395, -7.680974, 112.006837, 'SMA NEGERI 1 PRAMBON', 'JL. A. YANI 1 SUGIHWARAS PRAMBON', 23, 358791437, 'sman1prambon.mysch.id', 1, ''),
(246, 20538393, -7.525823, 111.944967, 'SMA NEGERI 1 GONDANG', 'JL. RAYA JURUSAN GONDANG-NGANJUK', 23, 358611341, '', 1, ''),
(247, 20538396, -7.553537, 111.870416, 'SMA NEGERI 1 REJOSO', 'JL. YOS SUDARSO, DS. SIDOKARE', 23, 358328799, 'sman1rejoso.sch.id', 1, ''),
(248, 20514344, -8.081987, 112.304674, 'SMA NEGERI 1 TALUN', 'JL. RAYA KAWERON TALUN', 24, 342691148, 'sman1talun.sch.id', 1, ''),
(249, 20514351, -8.079237, 112.240207, 'SMA NEGERI 1 GARUM', 'JL.RAYA BENCE GARUM BLITAR', 24, 0, '', 1, ''),
(250, 20514347, -8.065732, 112.09215, 'SMA NEGERI 1 SRENGAT', 'JL.RAYA BAGELENAN SRENGAT BLITAR', 24, 342551096, 'sman1srengat.sch.id', 1, ''),
(251, 20514348, -7.998255, 112.102742, 'SMA NEGERI 1 PONGGOK', 'DS. GEMBONGAN PONGGOK BLITAR', 24, 342551528, 'sman1ponggok.sch.id', 1, ''),
(252, 20551724, -8.16814, 112.204859, 'SMA NEGERI 1 SUTOJAYAN', 'JL. DIPONEGORO 103 SUTOJAYAN', 24, 342441352, 'sman1sutojayan.sch.id', 1, ''),
(253, 20514349, -8.143833, 112.365264, 'SMA NEGERI 1 KESAMBEN', 'JL. BROMO KESAMBEN', 24, 342331397, '', 1, ''),
(254, 20514350, -8.14863, 112.145939, 'SMA NEGERI 1 KADEMANGAN', 'JL. KRESNA NO. 29 KADEMANGAN', 24, 342804485, 'smankademangan.bogspot.com', 1, ''),
(255, 20515430, -8.055578, 111.910444, 'SMA NEGERI 1 KEDUNGWARU', 'JL. DR. WAHIDIN SUDIRO HUSODO 12', 25, 355321381, 'smariduta.sch.id', 1, ''),
(256, 20515450, -8.087528, 111.901734, 'SMA NEGERI 1 BOYOLANGU TULUNGAGUNG', 'JL. KI MANGUNSARKORO TULUNGAGUNG', 25, 355321462, '', 1, ''),
(257, 20515433, -8.075606, 111.843673, 'SMA NEGERI 1 GONDANG', 'JL. RAYA GONDANG TULUNGAGUNG', 25, 355324022, 'sman1gondangtulungagung.sch.id', 1, ''),
(258, 20515429, -8.131346, 112.005029, 'SMA NEGERI 1 NGUNUT', 'DS. SUMBERINGINKIDUL NGUNUT', 25, 355395884, 'sma-nusa.sch.id', 1, ''),
(259, 20515432, -8.17337, 111.997693, 'SMA NEGERI 1 KALIDAWIR', 'DS. NGUBALAN KALIDAWIR', 25, 355592052, 'sman1kalidawir.sch.id', 1, ''),
(260, 20515431, -8.063933, 111.869645, 'SMA NEGERI 1 KAUMAN', 'JL. IR. SOEKARNO HATTA NO. 47 KAUMAN TULUNGAGUNG', 25, 0, 'smansaka.sch.id', 1, ''),
(261, 20537288, -7.997193, 111.894787, 'SMA NEGERI 1 KARANGREJO', 'JL. RAYA KARANGREJO - SENDANG TULUNGAGUNG', 25, 355320448, '', 1, ''),
(262, 20515434, -8.205421, 111.825338, 'SMA NEGERI 1 CAMPURDARAT', 'JL. POPOH INDAH, CAMPURDARAT', 25, 355531217, '', 1, ''),
(263, 20515428, -8.169071, 111.827529, 'SMA NEGERI 1 PAKEL', 'DS. DUWET PAKEL TULUNGAGUNG', 25, 0, '', 1, ''),
(264, 20515427, -8.108241, 112.039496, 'SMA NEGERI 1 REJOTANGAN', 'JL. RAYA BUNTARAN', 25, 35539511, '', 1, ''),
(265, 69775579, -8.059595, 111.884371, 'SMA NEGERI 1 TULUNGAGUNG', 'JL. FATAHILAH KEL. PANGGUNGREJO KEC. TULUNGAGUNG', 25, 2147483647, 'sman1tulungagung.sch.id', 1, ''),
(266, 20542500, -8.059456, 111.708197, 'SMA NEGERI 1 TRENGGALEK', 'JALAN SOEKARNO-HATTA NOMOR 13', 26, 0, '', 1, ''),
(267, 20542505, -7.966196, 111.693084, 'SMA NEGERI 1 BENDUNGAN', 'JL. RAYA TRENGGALEK - BENDUNGAN KM.12', 26, 2147483647, '20212950.siap-sekolah.com', 1, ''),
(268, 20542496, -8.120357, 111.793526, 'SMA NEGERI 1 DURENAN', 'JL. RAYA KENDALREJO 82 DURENAN', 26, 2147483647, '', 1, ''),
(269, 20542503, -8.0711, 111.715785, 'SMA NEGERI 2 TRENGGALEK', 'JL.SOEKARNO - HATTA GANG SIWALAN', 26, 355791628, 'sman2trenggalek.sch.id', 1, ''),
(270, 20542507, -8.216026, 111.456779, 'SMA NEGERI 1 PANGGUL', 'JL. P. SUDIRMAN NO. 87 PANGGUL', 26, 2147483647, 'sma-negeri-1-panggul.business.site', 1, ''),
(271, 20542495, -8.181658, 111.578338, 'SMA NEGERI 1 DONGKO', 'JL. RAYA DONGKO NO. 99 KEC. DONGKO', 26, 0, '', 1, ''),
(272, 20542497, -8.055868, 111.687842, 'SMA NEGERI 1 KARANGAN', 'JL.RAYA TRENGGALEK-PONOROGO KM 3', 26, 355791540, '', 1, ''),
(273, 20542502, -8.081357, 111.658093, 'SMA NEGERI 2 KARANGAN', 'JL. PALEM RAJA NO.1 KARANGAN', 26, 2147483647, 'sman2karangan.sch.id', 1, ''),
(274, 20542506, -8.175195, 111.663131, 'SMA NEGERI 1 KAMPAK', 'JALAN RAYA BENDOAGUNG NOMOR 92 KAMPAK', 26, 355631049, '', 1, ''),
(275, 20542499, -8.102851, 111.571003, 'SMA NEGERI 1 PULE', 'JL.RAYA JOMBOK GANG SIDEM NO. 03 PULE, TRENGGALEK', 26, 0, '', 1, ''),
(276, 20542498, -8.301466, 111.569437, 'SMA NEGERI 1 MUNJUNGAN', 'JL. TERUSAN SOLODIPO, MASARAN, MUNJUNGAN', 26, 0, '', 1, ''),
(277, 20542501, -8.048697, 111.657526, 'SMA NEGERI 1 TUGU', 'JL. LAPANGAN BARAT NGLONGSOR, TUGU', 26, 355797111, '', 1, ''),
(278, 20517731, -7.878505, 112.379978, 'SMA NEGERI 1 NGANTANG', 'JL. RAYA MULYOREJO NO. 253 NGANTANG', 27, 341521088, '', 1, ''),
(279, 20517739, -7.84194, 112.700204, 'SMA NEGERI 1 LAWANG', 'JL. PRAMUKA 152 LAWANG', 27, 341426265, 'sman1lawang.sch.id', 1, ''),
(280, 20517736, -8.000712, 112.763714, 'SMA NEGERI 1 TUMPANG', 'JL. KAMBOJA 10 MALANGSUKO, TUMPANG', 27, 2147483647, 'sman1tumpang.sch.id', 1, ''),
(281, 20517729, -8.137167, 112.64425, 'SMA NEGERI 1 GONDANGLEGI', 'JL.RAYA KETAWANG NO.2 GONDANGLEGI', 27, 341879002, '', 1, ''),
(282, 20517737, -8.183884, 112.680151, 'SMA NEGERI 1 TUREN', 'JL. MAYJEN PANJAITAN 65 SEDAYU - TUREN', 27, 341824711, 'sman1turen.sch.id', 1, ''),
(283, 20517730, -8.124238, 112.571762, 'SMA NEGERI 1 KEPANJEN', 'JL.A.YANI NO.48 ARDIREJO KEC. KEPANJEN KAB. MALANG', 27, 0, '', 1, ''),
(284, 20517732, -8.299221, 112.493916, 'SMA NEGERI 1 PAGAK', 'JALAN KAHURIPAN 4 SUMBERMANJINGKULON-PAGAK KAB. MA', 27, 341881444, 'sman1pagak.sch.id', 1, ''),
(285, 20517728, -8.275335, 112.599162, 'SMA NEGERI 1 BANTUR', 'JL. RAYA REJOSARI KEC. BANTUR', 27, 341841177, '20212950.siap-sekolah.com', 1, ''),
(286, 20517738, -8.209677, 112.766077, 'SMA NEGERI 1 DAMPIT', 'JL. GUNUNG JATI 1138 DAMPIT', 27, 341896285, '', 1, ''),
(287, 20517735, -8.149808, 112.496282, 'SMA NEGERI 1 SUMBERPUCUNG', 'JL. NUSA MENTARAMAN JATIGUWI SUMBERPUCUNG', 27, 341383986, 'sman1sumberpucung.sch.id', 1, ''),
(288, 20517733, -7.918735, 112.672975, 'SMA NEGERI 1 SINGOSARI', 'JL. KI HAJAR DEWANTORO NO.1 BANJARARUM-SINGOSARI', 27, 341454113, '', 1, ''),
(289, 20517734, -8.351992, 112.752873, 'SMA NEGERI 1 SUMBERMANJING', 'JL.RAYA TAMBAKASRI-SUMBERMANJING', 27, 852, '', 1, ''),
(290, 20549465, -8.071923, 112.642035, 'SMA NEGERI 1 BULULAWANG', 'JL. RAYA BULULAWANG', 27, 341804010, '', 1, ''),
(291, 20519303, -7.583202, 112.792351, 'SMA NEGERI 1 BANGIL PASURUAN', 'JL. BADER NO. 03 KALIREJO BANGIL PASURUAN', 28, 343741873, 'sman1bangil.sch.id', 1, ''),
(292, 20519299, -7.654583, 112.682753, 'SMA NEGERI 1 PANDAAN', 'JALAN DR. SUTOMO PANDAAN', 28, 343631593, 'smanda.sch.id', 1, ''),
(293, 20519298, -7.776337, 112.741046, 'SMA NEGERI 1 PURWOSARI', 'JL. PEGADAIAN 1B PURWOSARI', 28, 343611067, 'sman1purwosari.sch.id', 1, ''),
(294, 20519301, -7.713238, 113.019146, 'SMA NEGERI 1 GRATI', 'JL. RAYA SUMURWARU 32 NGULING', 28, 343481017, 'sman1grati.sch.id', 1, ''),
(295, 20519300, -7.703597, 112.873709, 'SMA NEGERI 1 KEJAYAN', 'JL. KABUPATEN, SLADI, KEJAYAN PAS', 28, 343426595, '', 1, ''),
(296, 20519302, -7.711133, 112.900185, 'SMA NEGERI 1 GONDANGWETAN', 'JL.RAYA BROMO NO.33 GONDANGWETAN', 28, 343443587, 'sman1gondangwetan.sch.id', 1, ''),
(297, 20570413, -7.8902, 112.900092, 'SMA NEGERI 1 TOSARI', 'JL. MASJID AL-MUJAHIDDIN NO.7 DESA TOSARI', 28, 0, '', 1, ''),
(298, 69773548, -7.810461, 113.008368, 'SMA NEGERI 1 LUMBANG', 'DS. PANDITAN KEC. LUMBANG PASURUAN', 28, 0, 'sman1lumbang.sch.id', 1, ''),
(299, 20551645, -7.721356, 113.508928, 'SMA NEGERI 1 PAITON', 'JALAN PAKUNIRAN KEC. PAITON', 29, 0, '', 1, ''),
(300, 20520022, -7.763706, 113.424221, 'SMA NEGERI 1 KRAKSAAN', 'JL. IMAM BONJOL 13 KRAKSAAN', 29, 335841214, 'sman1kraksaan.sch.id', 1, ''),
(301, 20520023, -7.868086, 113.37366, 'SMA NEGERI 1 GADING', 'JL. RAYA CONDONG - GADING', 29, 0, '', 1, ''),
(302, 20546533, -7.813766, 113.31796, 'SMA NEGERI 1 GENDING', 'JL. RAYA SEBAUNG GENDING', 29, 335611273, '', 1, ''),
(303, 20520024, -7.754891, 113.238619, 'SMA NEGERI 1 DRINGU', 'JL. YOS SUDARSO PABEAN DRINGU', 29, 335420309, 'smandringu.wordpress.com', 1, ''),
(304, 20551651, -7.736926, 113.103268, 'SMA NEGERI 1 TONGAS', 'JL. RAYA LUMBANG - TONGAS', 29, 335511048, 'smaneto.blogspot.com', 1, ''),
(305, 20546534, -7.885251, 113.048284, 'SMA NEGERI 1 SUKAPURA', 'JL. PASAR SAYUR 47A SUKAPURA', 29, 335581135, '', 1, ''),
(306, 20520021, -7.872452, 113.248413, 'SMA NEGERI 1 LECES', 'JL. RAYA LECES MALASAN KULON LECES', 29, 335680489, '', 1, ''),
(307, 20549475, -7.827508, 113.494709, 'SMA NEGERI 1 BESUK', 'JL. RAYA BAGO, BESUK', 29, 0, '', 1, ''),
(308, 20549428, -7.843673, 113.356854, 'SMA NEGERI 1 MARON', 'JL. DESA MARON WETAN', 29, 335613688, 'sman1maron.blogspot.com', 1, ''),
(309, 20562423, -7.8900507, 112.5848426, 'SMA NEGERI 1 KURIPAN', 'DS. KEDAWUNG, KURIPAN', 29, 0, 'sman1kuripan.sch.id', 1, 'sma309.jpg'),
(310, 20548655, -7.969156, 113.397067, 'SMA NEGERI 1 TIRIS', 'DS. RANUAGUNG, TIRIS', 29, 2147483647, '', 1, ''),
(311, 20558304, -7.94303, 113.475401, 'SMA NEGERI 1 KRUCIL', 'JALAN DEWI RENGGANIS  NO 968 KEC. KRUCIL  KAB PROB', 29, 335891122, 'smansakrucilblogspot.com', 1, ''),
(312, 20562203, -7.846073, 113.180986, 'SMA NEGERI 1 BANTARAN', 'JL. RAYA TEMPURAN NO. 139 KEC. BANTARAN', 29, 0, 'smansab.mysch.id', 1, ''),
(313, 20575418, -7.740822, 113.134671, 'SMA NEGERI 1 SUMBERASIH', 'JL. RAYA PROBOLINGGO-SURABAYA KM-08 BANJARSARI SUM', 29, 0, 'sman1sumberasih.blogspot.com', 1, ''),
(314, 20520821, -8.119327, 113.22861, 'SMA NEGERI 1 LUMAJANG', 'JL. JEND. A. YANI 07 LUMAJANG', 30, 334881747, '', 1, ''),
(315, 20521445, -7.981446, 113.250001, 'SMA NEGERI KLAKAH', 'JL. RAYA KLAKAH', 30, 334441104, '', 1, ''),
(316, 20520820, -8.126836, 113.218615, 'SMA NEGERI 2 LUMAJANG', 'JL. HOS. COKROAMINOTO 159 LUMAJANG', 30, 334881036, 'sman2-lmj.sch.id', 1, ''),
(317, 20520819, -8.135386, 113.216192, 'SMA NEGERI 3 LUMAJANG', 'JL. JEND. PANJAITAN 79 LUMAJANG', 30, 2147483647, 'sman3lumajang.sch.id', 1, ''),
(318, 20521460, -8.210331, 113.169912, 'SMA NEGERI TEMPEH', 'JL. RAYA TEMPEH LUMAJANG JAWA TIMUR', 30, 334520670, 'sman1tempeh.sch.id', 1, ''),
(319, 20521458, -8.227301, 113.132983, 'SMA NEGERI PASIRIAN', 'JL. RAYA CONDRO 333 PASIRIAN', 30, 334571467, 'smanpas.sch.id', 1, ''),
(320, 20521459, -8.115624, 113.228665, 'SMA NEGERI PRONOJIWO', 'JL. A. YANI PRONOJIWO', 30, 334590269, '', 1, ''),
(321, 20521461, -8.228184, 113.29425, 'SMA NEGERI YOSOWILANGUN', 'JL. RAYA KEBONSARI YOSOWILANGUN', 30, 334390170, '', 1, ''),
(322, 20520804, -8.134589, 113.326489, 'SMA NEGERI JATIROTO', 'JALAN DESA ROJOPOLO-JATIROTO', 30, 334321547, 'sman-jatiroto.sch.id', 1, ''),
(323, 20521457, -8.21284, 113.222858, 'SMA NEGERI KUNIR', 'DSN SUMBERSARI DESA KUNIR LOR KEC.KUNIR KAB. LUMAJ', 30, 334521370, 'smankunir.sch.id', 1, ''),
(324, 20520818, -8.197231, 113.082868, 'SMA NEGERI CANDIPURO', 'JL. JEND. SUDIRMAN CANDIPURO', 30, 334572646, '', 1, ''),
(325, 20539851, -8.102051, 113.103675, 'SMA NEGERI SENDURO', 'JL. PB. SUDIRMAN SENDURO  N0 110 KECAMATAN SENDURO', 30, 0, 'smansenduro-lmj.sch.id', 1, ''),
(326, 20521730, -7.914462, 113.808373, 'SMA NEGERI 1 BONDOWOSO', 'JL. CURAHDAMI 1294 BONDOWOSO', 31, 332421542, 'smasabondowoso.sch.id', 1, ''),
(327, 20521711, -7.922293, 113.820116, 'SMA NEGERI 2 BONDOWOSO', 'JL. LETJEN SUPRAPTO 153 BONDOWOSO', 31, 332421822, '', 1, ''),
(328, 20521729, -8.002233, 113.783858, 'SMA NEGERI GRUJUGAN', 'JL. JEMBER SUMBER PANDAN BONDOWOSO', 31, 0, 'smagrujugan.sch.id', 1, ''),
(329, 20521708, -8.019378, 113.824961, 'SMA NEGERI TAMANAN', 'JL. SUKOWONO NO.108 TAMANAN', 31, 332426706, 'smantamanan.sch.id', 1, ''),
(330, 20521712, -7.911739, 113.847912, 'SMA NEGERI 1 TENGGARANG', 'JL. RAYA SITUBONDO 96 TENGGARANG BONDOWOSO', 31, 0, 'sman1tenggarang.sch.id', 1, ''),
(331, 20521710, -7.918059, 113.834475, 'SMA NEGERI 3 BONDOWOSO', 'JL.SUPRIYADI NO.50 BONDOWOSO', 31, 332421166, '', 1, ''),
(332, 20521713, -7.873849, 113.914312, 'SMA NEGERI 1 TAPEN', 'JL. RAYA CINDOGO NO. 2 TAPEN', 31, 0, '', 1, ''),
(333, 20521714, -7.798512, 113.976834, 'SMA NEGERI 1 PRAJEKAN', 'JL. RAYA SITUBONDO PRAJEKAN BONDOWOSO', 31, 332560420, 'sman1prajekan.mysch.id', 1, ''),
(334, 20521731, -7.9419, 113.962696, 'SMA NEGERI 1 SUKOSARI', 'JL. KAWAH IJEN SUKOSARI - BWS', 31, 332321756, '', 1, ''),
(335, 20521745, -7.962295, 113.87342, 'SMA NEGERI 1 PUJER', 'JL. RAYA BONDOWOSO NO. 01 PUJER BONDOWOSO', 31, 0, '', 1, ''),
(336, 20522640, -7.708576, 113.994128, 'SMA NEGERI 1 SITUBONDO', 'JL.PB.SUDIRMAN NO.5A SITUBONDO', 32, 338671524, '', 1, ''),
(337, 20522638, -7.702221, 113.995262, 'SMA NEGERI 2 SITUBONDO', 'JL. ANGGREK NO. 1 SITUBONDO', 32, 338671618, 'sman2situbondo.sch.id', 1, ''),
(338, 20522642, -7.724667, 113.999, 'SMA NEGERI 1 PANARUKAN', 'JL. BALURAN NO. 4 SUMBERKOLAK PANARUKAN SITUBONDO', 32, 2147483647, 'sman1panarukan.sch.id', 1, ''),
(339, 20522639, -7.731153, 113.72678, 'SMA NEGERI 1 SUBOH', 'JL. PAWIYATAN NOMOR 04 SUBOH', 32, 338891337, 'sman1suboh.com', 1, ''),
(340, 20522655, -7.765749, 114.225094, 'SMA NEGERI 1 ASEMBAGUS', 'JL.AWAR-AWAR NO.999 ASEMBAGUS  KABUPATEN SITUBONDO', 32, 338451240, '', 1, ''),
(341, 20522641, -7.704154, 114.015293, 'SMA NEGERI 1 PANJI SITUBONDO', 'JL.ARGOPURO NO.1A SITUBONDO', 32, 338671936, 'sman1panji.sch.id', 1, ''),
(342, 20522643, -7.689972, 114.088976, 'SMA NEGERI 1 KAPONGAN', 'JL. RAYA BANYUWANGI', 32, 0, '', 1, ''),
(343, 20554535, -7.735569, 113.690157, 'SMA NEGERI 1 BESUKI', 'JL. GUNUNG IJEN NO. 9 BESUKI', 32, 0, 'sman1besuki.sch.id', 1, ''),
(344, 69888816, -7.920818, 114.394534, 'SMA NEGERI 1 BANYUPUTIH', 'L. BALURAN INDAH BANYUPUTIH', 32, 2147483647, '', 1, ''),
(345, 20523844, -8.178582, 113.707478, 'SMA NEGERI 1 JEMBER', 'JL. LETJEN PANJAITAN NO. 55', 33, 331338586, 'sman1jember.sch.id', 1, ''),
(346, 20523847, -8.169439, 113.713854, 'SMA NEGERI 2 JEMBER', 'JL. JAWA NO. 16 JEMBER', 33, 331321375, 'sman2jember.sch.id', 1, ''),
(347, 20523836, -8.201755, 113.696221, 'SMA NEGERI 3 JEMBER', 'JL. BASUKI RAHMAD NO. 26 JEMBER', 33, 331332282, 'smagajember.com', 1, ''),
(348, 20523846, -8.263095, 113.747584, 'SMA NEGERI MUMBULSARI', 'JL. DR. SOEBANDI NO. 62', 33, 331793232, '', 1, ''),
(349, 20523827, -8.134791, 113.723173, 'SMA NEGERI 5 JEMBER', 'JALAN SEMANGKA 4 PATRANG JEMBER', 33, 331422136, 'sman5jember.sch.id', 1, ''),
(350, 20523826, -8.187236, 113.660532, 'SMA NEGERI 4 JEMBER', 'JL. HAYAM WURUK 145 JEMBER', 33, 331412463, 'sman4jember.sch.id', 1, ''),
(351, 20523828, -8.34497, 113.6097, 'SMA NEGERI AMBULU', 'JL. CANDRADIMUKA 42 AMBULU', 33, 336881260, 'smanambulu.com', 1, ''),
(352, 20549657, -8.275786, 113.653311, 'SMA NEGERI 1 JENGGAWAH', 'JL. TEMPUREJO 76 JENGGAWAH', 33, 331757128, '', 1, ''),
(353, 20523845, -8.290784, 113.390769, 'SMA NEGERI 1 KENCONG', 'JL. KARTINI NO. 8 KENCONG - JEMBER - JATIM', 33, 336321356, '', 1, ''),
(354, 20523848, -8.168926, 113.452066, 'SMA NEGERI 2 TANGGUL', 'JL. SALAK 126 TANGGUL', 33, 336441014, 'smadata.net16.net', 1, ''),
(355, 20523825, -8.153733, 113.458873, 'SMA NEGERI 1 TANGGUL', 'JL. PEMANDIAN 16 TANGGUL', 33, 336441377, '20523825.siap-sekolah.com', 1, ''),
(356, 20523835, -8.286128, 113.530687, 'SMA NEGERI BALUNG', 'JL. PB. SUDIRMAN 126 BALUNG', 33, 336622577, 'sman1balung.sch.id', 1, ''),
(357, 20523823, -8.125093, 113.814857, 'SMA NEGERI KALISAT', 'JL. KH. DEWANTARA 42 KALISAT', 33, 331591082, '', 1, ''),
(358, 20523829, -8.052471, 113.833361, 'SMA NEGERI PLUS SUKOWONO', 'JALAN SUMBER KALONG SUKOWONO - JEMBER', 33, 331567100, '', 1, ''),
(359, 20523843, -8.118742, 113.748614, 'SMA NEGERI ARJASA', 'JL. SULTAN AGUNG NO.64 ARJASA,', 33, 331540133, 'smaja.sch.id', 1, ''),
(360, 20523824, -8.204847, 113.592823, 'SMA NEGERI RAMBIPUJI', 'JL. DURIAN NO. 30 PECORO RAMBIPUJI JEMBER', 33, 331711173, 'smanrambipuji.sch.id', 1, ''),
(361, 20523830, -8.255943, 113.42626, 'SMA NEGERI UMBULSARI', 'JL. PB. SUDIRMAN 129 GUNUNGSAR', 33, 336321437, '', 1, ''),
(362, 20549350, -8.173383, 113.785039, 'SMA NEGERI PAKUSARI', 'JL. PB. SUDIRMAN NO. 120 PAKUSARI', 33, 331591417, 'smanpakusari.sch.id', 1, ''),
(363, 20525856, -8.209914, 114.349226, 'SMA NEGERI 1 GLAGAH BANYUWANGI', 'JL. MELATI NO 01 BANYUWANGI', 34, 333421357, 'sman1glagah.sch.id', 1, ''),
(364, 20525855, -8.21244, 114.349275, 'SMA NEGERI 1 GIRI', 'JL. HOS. COKROAMINOTO 38 BANYUWANGI', 34, 333421719, 'sman1giri.sch.id', 1, ''),
(365, 20525863, -8.228722, 114.371131, 'SMA NEGERI 1 BANYUWANGI', 'JL. IKAN TONGKOL', 34, 333423589, '', 1, ''),
(366, 20525861, -8.303332, 114.290032, 'SMA NEGERI 1 ROGOJAMPI', 'JL. ALI SAKTI NO. 2 ROGOJAMPI', 34, 333631459, '', 1, ''),
(367, 20525872, -8.485118, 114.14039, 'SMA NEGERI 1 BANGOREJO', 'JL. BHAYANGKARA NO. 67 KEBONDALEM- BANGOREJO', 34, 333713297, '', 1, ''),
(368, 20525854, -8.353095, 114.146259, 'SMA NEGERI 1 GENTENG', 'JALAN. KH WAHID HASYIM NO.20 GENTENG', 34, 333845134, 'sman1genteng.sch.id', 1, ''),
(369, 20525600, -8.368418, 114.195196, 'SMA NEGERI 2 GENTENG', 'PANDAN DS. KEMBIRITAN KEC. GENTENG KAB. BANYUWANGI', 34, 0, '', 1, ''),
(370, 20525859, -8.558776, 114.100779, 'SMA NEGERI 1 PESANGGARAN', 'JL. PESANGGARAN NO.50 SUMBERMULYO KEC. PESANGGARAN', 34, 333710091, 'sman1pesanggaran.sch.id', 1, ''),
(371, 20525858, -8.44501, 114.312408, 'SMA NEGERI 1 MUNCAR', 'JL.TAPANREJO - MUNCAR', 34, 333592548, '', 1, ''),
(372, 20525587, -8.495715, 114.281362, 'SMA NEGERI 1 TEGALDLIMO', 'JL. WIJAYA KUSUMA NO.1  WRINGINPITU,TEGALDLIMO,', 34, 333597431, '', 1, ''),
(373, 20525862, -8.436972, 114.223325, 'SMA NEGERI 1 CLURING', 'JL. H. HUZAINI - BENCULUK', 34, 0, '', 1, '');
INSERT INTO `sma` (`id`, `nspn`, `lat`, `long`, `name`, `alamat`, `id_daerah`, `telp`, `web`, `jenis`, `image`) VALUES
(374, 20525853, -8.435689, 114.170811, 'SMA NEGERI 1 GAMBIRAN', 'JL. SRIWIJAYA NO. 11 WRINGINAGUNG KEC. GAMBIRAN', 34, 333397448, '', 1, ''),
(375, 20525873, -8.371472, 114.291403, 'SMA NEGERI 1 SRONO', 'JL.RAYA WONOSOBO SRONO', 34, 333399111, 'sman1srono.sch.id', 1, ''),
(376, 20525601, -8.315719, 114.231803, 'SMA NEGERI DARUSSHOLAH SINGOJURUH', 'JL.RAYA GUMIRIH NO. 39 KECAMATAN SINGOJURUH', 34, 333635381, '', 1, ''),
(377, 20525599, -8.035547, 114.41685, 'SMA NEGERI WONGSOREJO', 'JL.RAYA BENGKAK WONGSOREJO', 34, 0, '', 1, ''),
(378, 20527233, -7.157406, 113.482482, 'SMA NEGERI 1 PAMEKASAN', 'JALAN PRAMUKA 2 PAMEKASAN', 35, 324332131, 'sman1pmk.sch.id', 1, ''),
(379, 20527238, -7.151196, 113.475832, 'SMA NEGERI 4 PAMEKASAN', 'JL. PINTU GERBANG 39A PAMEKASAN', 35, 324322595, 'sman4pamekasan.sch.id', 1, ''),
(380, 20527236, -7.162724, 113.496664, 'SMA NEGERI 2 PAMEKASAN', 'JL. JOKOTOLE 234 PAMEKASAN', 35, 324322133, 'sman2pmk.sch.id', 1, ''),
(381, 20527158, -7.164594, 113.536201, 'SMA NEGERI 1 GALIS', 'JL. RAYA KONANG GALIS', 35, 0, '', 1, ''),
(382, 20527231, -7.189615, 113.523187, 'SMA NEGERI 1 PADEMAWU', 'JL. MANDALA PADEMAWU', 35, 0, 'sman1pademawu.mysch.id', 1, ''),
(383, 20527237, -7.152204, 113.475204, 'SMA NEGERI 3 PAMEKASAN', 'JL. PINTU GERBANG NO. 37 PAMEKASAN', 35, 324322290, '', 1, ''),
(384, 20527251, -7.143047, 113.485773, 'SMA NEGERI 5 PAMEKASAN', 'JL. RAYA KOWEL NO. 01 PAMEKASAN', 35, 0, '', 1, ''),
(385, 20527232, -7.029727, 113.542649, 'SMA NEGERI 1 PAKONG', 'JL. RAYA PAKONG PAMEKASAN', 35, 0, 'sman1pakong.sch.id', 1, ''),
(386, 20528662, -7.185148, 113.237768, 'SMA NEGERI 1 SAMPANG', 'JL. JAKSA AGUNG SUPRAPTO 73', 36, 0, '', 1, ''),
(387, 20528661, -7.159612, 113.203757, 'SMA NEGERI 1 TORJUN', 'JL. RAYA TORJUN', 36, 323321744, '', 1, ''),
(388, 20528660, -7.209579, 113.23437, 'SMA NEGERI 2 SAMPANG', 'JL. MANGKUBUMI NO. 36  SAMPANG', 36, 323321718, 'smanegeri2sampang.sch.id', 1, ''),
(389, 20528663, -7.093101, 113.249999, 'SMA NEGERI 1 KEDUNGDUNG', 'JL. RAYA KEDUNGDUNG SAMPANG', 36, 0, '', 1, ''),
(390, 20549262, -6.897564, 113.240851, 'SMA NEGERI 1 KETAPANG', 'JL. RAYA BANYUATES', 36, 0, 'smanegeri1ketapang.sch.id', 1, ''),
(391, 20528659, -7.211488, 113.262374, 'SMA NEGERI 3 SAMPANG', 'JL. DIPONEGORO NO. 50 SAMPANG', 36, 0, '', 1, ''),
(392, 20549199, -7.214477, 113.045548, 'SMA NEGERI 1 SRESEH', 'JL. NOREH NO.22 SRESEH SAMPANG', 36, 2147483647, 'sman1sreseh.sch.id', 1, ''),
(393, 20566349, -7.196657, 113.232871, 'SMA NEGERI 4 SAMPANG', 'JL. KRAMAT II KARANG DALEM SAMPANG', 36, 0, '', 1, ''),
(394, 69855413, -6.89903, 113.136923, 'SMA NEGERI 1 BANYUATES', 'DS. TRAPANG BANYUATES', 36, 2147483647, '', 1, ''),
(395, 20529954, -7.017962, 113.875531, 'SMA NEGERI 1 SUMENEP', 'JL.PAYUDAN TIMUR NO 1 SUMENEP', 37, 328662368, '', 1, ''),
(396, 20529955, -7.013901, 113.856127, 'SMA NEGERI 2 SUMENEP', 'JL. KH. WAHID HASYIM III/11', 37, 328661196, 'sman2sumenep.sch.id', 1, ''),
(397, 20529972, -7.035366, 113.904777, 'SMA NEGERI 1 KALIANGET', 'JL. BY PASS KERTASADA', 37, 328661920, 'sman1kalianget.sch.id', 1, ''),
(398, 20529967, -6.894487, 113.743889, 'SMA NEGERI 1 AMBUNTEN', 'JL. RAYA AMBUNTEN', 37, 0, '', 1, ''),
(399, 20529968, -8.118683, 113.748622, 'SMA NEGERI 1 ARJASA', 'JL. RAYA BUJUTAN KALINGANYAR ARJASA', 37, 331540133, 'smaja.sch.id', 1, ''),
(400, 20529969, -7.114117, 113.80411, 'SMA NEGERI 1 BLUTO', 'JL. RAYA BLUTO', 37, 0, '', 1, ''),
(401, 20529964, -7.040471, 113.68951, 'SMA NEGERI 1 LENTENG', 'JL. PAYUDAN 98 LENTENG - SUMENEP', 37, 0, '', 1, ''),
(402, 20529970, -6.996827, 113.94938, 'SMA NEGERI 1 GAPURA', 'JL. RAYA GAPURA KM. 9 PANAGAN', 37, 0, '', 1, ''),
(403, 20529971, -7.154174, 114.30956, 'SMA NEGERI 1 GAYAM', 'JL. RAYA BANASEM GAYAM', 37, 327811181, '20212950.siap-sekolah.com', 1, ''),
(404, 20529962, -7.001718, 113.864227, 'SMA NEGERI 1 SAPEKEN', 'JL. RAYA SAPEKEN NO. 33 SAPEKEN', 37, 327511478, '', 1, ''),
(405, 20529963, -5.56819, 114.403796, 'SMA NEGERI 1 MASALEMBU', 'JL. TANJUNG BATU MASALIMA MASALEMBU', 37, 0, '', 1, ''),
(406, 20573250, -7.005508, 113.836552, 'SMA NEGERI 1 BATUAN', 'JL. RAYA LENTENG - BATUAN', 37, 2147483647, '', 1, ''),
(407, 20531145, -7.129837, 113.049326, 'SMA NEGERI 1 BLEGA', 'JL. RAYA BLEGA', 38, 313041027, '', 1, ''),
(408, 20531228, -7.046964, 112.73522, 'SMA NEGERI 2 BANGKALAN', 'JL. SOEKARNO HATTA 18 BANGKALAN', 38, 313095326, '', 1, ''),
(409, 20531227, -7.048391, 112.730995, 'SMA NEGERI 3 BANGKALAN', 'JL. RE. MARTADINATA NO. 54 BANGKALAN', 38, 313095330, '', 1, ''),
(410, 20531130, -7.124397, 112.713717, 'SMA NEGERI 1 KAMAL', 'JL. RAYA TELANG NO.2 KAMAL', 38, 313011312, 'sman1kamal.sch.id', 1, ''),
(411, 20531186, -7.153505, 112.862943, 'SMA NEGERI 1 KWANYAR', 'JL. RAYA DLEMER 02 KWANYAR', 38, 2147483647, '', 1, ''),
(412, 20531147, -6.951126, 112.82561, 'SMA NEGERI 1 AROSBAYA', 'JL. RAYA AROSBAYA NO. 1 KEC. AROSBAYA', 38, 0, '', 1, ''),
(413, 20531253, -6.890437, 113.058542, 'SMA NEGERI 1 TANJUNGBUMI', 'JL. RAYA MACAJAH NO. 22', 38, 2147483647, '', 1, ''),
(414, 20531146, -7.029639, 112.758459, 'SMA NEGERI 1 BANGKALAN', 'JALAN PEMUDA KAFFA 10', 38, 313095132, 'smanegerisatubangkalan.sch.id', 1, ''),
(415, 20560315, -7.020959, 112.763822, 'SMA NEGERI 4 BANGKALAN', 'JL. PERTAHANAN NO. 04 BANGKALAN', 38, 313092444, 'sman4bangkalan.sch.id', 1, ''),
(416, 69786941, -6.941627, 113.026623, 'SMA NEGERI 1 KOKOP', 'JL. RAYA BATOKOROGAN KOKOP BANGKALAN 69155 MADURA', 38, 0, '', 1, '');

-- --------------------------------------------------------

--
-- Table structure for table `smk`
--

CREATE TABLE `smk` (
  `id` int(100) NOT NULL,
  `nspn` int(100) NOT NULL,
  `lat` double NOT NULL,
  `long` double NOT NULL,
  `name` text NOT NULL,
  `alamat` text NOT NULL,
  `id_daerah` int(100) NOT NULL,
  `telp` int(100) NOT NULL,
  `web` varchar(100) NOT NULL,
  `jenis` int(100) NOT NULL,
  `image` varchar(200) NOT NULL
) ENGINE=InnoDB DEFAULT CHARSET=latin1;

--
-- Dumping data for table `smk`
--

INSERT INTO `smk` (`id`, `nspn`, `lat`, `long`, `name`, `alamat`, `id_daerah`, `telp`, `web`, `jenis`, `image`) VALUES
(1, 20532205, -7.305729, 112.734003, 'SMK NEGERI 1 SURABAYA', 'JL. SMEA NO. 4 WONOKROMO SURABAYA', 1, 318292038, '-', 2, 'smk1.jpg'),
(2, 20532203, -7.258708, 112.724808, 'SMK NEGERI 2 SURABAYA', 'JL. TENTARA GENIE PELAJAR 26 (PATUA) SURABAYA', 1, 315343708, 'smkn2sby.sch.id', 2, ''),
(3, 20532195, -7.343739, 112.730116, 'SMK NEGERI 3 SURABAYA', 'JL. JEND A. YANI GAYUNGAN SURABAYA', 1, 318412886, '', 2, ''),
(4, 20532196, -7.256549, 112.730197, 'SMK NEGERI 4 SURABAYA', 'JL. KRANGGAN NO. 81 - 101 SURABAYA', 1, 315345788, '', 2, ''),
(5, 20532211, -7.265227, 112.769064, 'SMK NEGERI 5 SURABAYA', 'JL. MAYJEN. PROF. DR. MUSTOPO 167-169 SURABAYA', 1, 35934888, 'smkn5-sby.sch.id', 2, ''),
(6, 20532212, -7.316578, 112.74123, 'SMK NEGERI 6 SURABAYA', 'JL. MARGOREJO WONOCOLO SURABAYA', 1, 318438267, 'smkn6-sby.sch.id', 2, ''),
(7, 20532197, -7.250966, 112.731291, 'SMK NEGERI 7 SURABAYA', 'JL. PAWIYATAN NO. 2 SURABAYA', 1, 315342407, 'smkn7-sby.sch.id', 2, ''),
(8, 20532198, -7.253406, 112.746142, 'SMK NEGERI 8 SURABAYA', 'JL. KAMBOJA NO. 18 SURABAYA', 1, 315342410, 'smkn8-sby.sch.id', 2, ''),
(9, 20532204, -7.29373, 112.800108, 'SMK NEGERI 10 SURABAYA', 'JL. KEPUTIH TEGAL, SUKOLILO SURABAYA', 1, 315939581, 'smkn10surabaya.sch.id', 2, ''),
(10, 20532210, -7.340805, 112.740748, 'SMK NEGERI 12 SURABAYA', 'JL. SIWALANKERTO PERMAI NO.IA SURABAYA', 1, 318436687, 'smkn12surabaya.sch.id', 2, ''),
(11, 20533813, -8.003494, 112.626805, 'SMK NEGERI 1 MALANG', 'JL. SONOKEMBANG / JANTI MALANG', 2, 341326630, 'smkn1malang.sch.id', 2, ''),
(12, 20533814, -7.956401, 112.615664, 'SMK NEGERI 2 MALANG', 'JL. VETERAN NO.17 MALANG', 2, 341551504, 'smkn2malang.sch.id', 2, ''),
(13, 20533815, -7.966693, 112.619186, 'SMK NEGERI 3 MALANG', 'JL. SURABAYA NO. 1 MALANG', 2, 341551734, 'smkn3malang.business.site', 2, ''),
(14, 20533819, -8.0258306, 112.6199894, 'SMK NEGERI 7 MALANG', 'JL.SATSUI TUBUN IV', 2, 341804746, 'smkn7malang.sch.id', 2, ''),
(15, 20539750, -7.9362323, 112.6596267, 'SMK NEGERI 8 MALANG', 'JL. T. PACITAN MALANG', 2, 341479148, 'smkn8malang.sch.id', 2, ''),
(16, 20533816, -7.9901386, 112.6249711, 'SMK NEGERI 4 MALANG', 'JL.TANIMBAR 22 MALANG', 2, 341353798, 'smkn4malang.sch.id', 2, ''),
(17, 20533817, -7.9293817, 112.6335993, 'SMK NEGERI 5 MALANG', 'JL IKAN PIRANHA ATAS KOTA MALANG', 2, 341478195, 'smkn5malang.sch.id', 2, ''),
(18, 20533818, -7.9751241, 112.6694978, 'SMK NEGERI 6 MALANG', 'JL KI AGENG GRIBIG 28 MALANG', 2, 341722216, 'smkn6malang.sch.id', 2, ''),
(19, 20539751, -7.9870288, 112.6820333, 'SMK NEGERI 9 MALANG', 'JL. SAMPURNA NO.1, CEMOROKANDANG-KEDUNGKANDANG', 2, 341727998, 'smkn9malang.sch.id', 2, ''),
(20, 20539749, -8.0342431, 112.6446554, 'SMK NEGERI 10 MALANG', 'JL RAYA TLOGOWARU KEDUNGKANDANG KOTA MALANG', 2, 341754086, 'smkn10-mlg.sch.id', 2, ''),
(21, 20548806, -8.0065458, 112.6082016, 'SMK NEGERI 11 MALANG', 'JL PELABUHAN BAKAHUNI 1 SUKUN KOTA MALANG', 2, 341836330, 'smkn11malang.sch.id', 2, ''),
(22, 20548807, -7.9250778, 112.656808, 'SMK NEGERI 12 MALANG', 'JL PAHLAWAN BALEARJOSARI KOTA MALANG', 2, 341400884, 'smkn12malang.sch.id', 2, ''),
(23, 69758447, -7.942413, 112.5770149, 'SMK NEGERI 13 MALANG', 'PERUM VILA BUKIT TIDAR BLOK A.2 NO.13 MALANG', 2, 2147483647, 'smkn13malang.sch.id', 2, ''),
(24, 20534179, -7.6251881, 111.5312184, 'SMK NEGERI 1 MADIUN', 'JL. MH. THAMRIN NO. 1 MADIUN', 3, 351462833, 'smkn1madiun.sch.id', 2, ''),
(25, 20534178, -7.625587, 111.4802798, 'SMK NEGERI 2 MADIUN', 'JL. LETJEN HARYONO 18 MADIUN', 3, 0, '', 2, ''),
(26, 20534177, -7.6515217, 111.5271678, 'SMK NEGERI 3 MADIUN', 'JL.MAYJEN PANJAITAN 20A MADIUN', 3, 351457359, 'smkn3madiun.sch.id', 2, ''),
(27, 20534176, -7.6322528, 111.5277063, 'SMK NEGERI 4 MADIUN', 'JL.MASTRIP NO.27 MADIUN', 3, 351462896, 'smkn4madiun.net', 2, ''),
(28, 20534175, -7.6484732, 111.5147444, 'SMK NEGERI 5 MADIUN', 'JL. MERAK NO. 5 MADIUN', 3, 351464575, 'smkn5madiun.sch.id', 2, ''),
(29, 20534398, -7.811755, 111.9952501, 'SMK NEGERI 1 KEDIRI', 'JL.VETERAN NO 9 KEDIRI', 4, 354772271, 'smkn1kediri.sch.id', 2, ''),
(30, 20534408, -7.8117443, 111.9952501, 'SMK NEGERI 2 KEDIRI', 'JL.VETERAN NO. 5 KEDIRI', 4, 354771441, 'smkn2kediri.sch.id', 2, ''),
(31, 20534403, -7.8122568, 112.0157409, 'SMK NEGERI 3 KEDIRI', 'JL.HASANUDIN NO. 10 KEDIRI', 4, 354682261, 'smkn3kediri.sch.id', 2, ''),
(32, 20534751, -7.4691081, 112.4543521, 'SMK NEGERI 1 MOJOKERTO', 'JL. KEDUNGSARI  MOJOKERTO', 5, 321381959, 'smkn1mojokerto.sch.id', 2, ''),
(33, 69786498, -7.464865, 112.4210628, 'SMK NEGERI 2 MOJOKERTO', 'JL. PULOREJO', 5, 321387356, 'smkn2mojokerto.sch.id', 2, ''),
(34, 20535097, -8.1127069, 112.1619988, 'SMK NEGERI 1 BLITAR', 'JL. KENARI NO. 30, KOTA BLITAR', 6, 342801947, 'smkn1blitar.sch.id', 2, ''),
(35, 20535098, -8.099949, 112.1453556, 'SMK NEGERI 2 BLITAR', 'JL. TANJUNG NO. 111 BLITAR', 6, 342801882, 'smkn2blitar.sch.id', 2, ''),
(36, 20535099, -8.0943646, 112.1737009, 'SMK NEGERI 3 BLITAR', 'JL. SUDANCO SUPRIYADI NO. 24 BLITAR', 6, 342801621, 'smkn3blitar.sch.id', 2, ''),
(37, 20535468, -7.6452268, 112.9121444, 'SMK NEGERI 1 PASURUAN', 'JALAN VETERAN 11, PASURUAN', 7, 0, 'smkn1-pasuruan.sch.id', 2, ''),
(38, 20535473, -7.6674567, 112.9034443, 'SMK NEGERI 2 PASURUAN', 'JALAN PATIUNUS 141, PASURUAN', 7, 343432245, '', 2, ''),
(39, 20536290, -7.7817072, 113.2094144, 'SMK NEGERI 1 PROBOLINGGO', 'JL. MASTRIP NO. 357 PROBOLINGGO', 8, 335421121, 'smkn1probolinggo.sch.id', 2, ''),
(40, 20536277, -7.75515, 113.2118977, 'SMK NEGERI 3 PROBOLINGGO', 'JL. PAHLAWAN NO. 26 A PROBOLINGGO', 8, 335421564, 'smkn3pbl.sch.id', 2, ''),
(41, 20536289, -7.77157, 113.2116652, 'SMK NEGERI 2 PROBOLINGGO', 'JL. MASTRIP NO. 153 PROBOLINGGO', 8, 335421324, 'smkn2-pbl.sch.id', 2, ''),
(42, 20546877, -7.7745024, 113.1778743, 'SMK NEGERI 4 PROBOLINGGO', 'JL. SEMERU NO.123 PROBOLINGGO', 8, 335437820, 'smkn4probolinggo.sch.id', 2, ''),
(43, 20536822, -7.8676781, 112.5250491, 'SMK NEGERI 1 BATU', 'JL. BROMO NO. 11 BATU', 9, 341596400, 'smkn1batu.sch.id', 2, ''),
(44, 20536826, -7.863769, 112.5376682, 'SMK NEGERI 2 BATU', 'JL. RAYA PANDANREJO 39A PANDANREJO KEC. BUMIAJI', 9, 2147483647, 'smkn2batu.sch.id', 2, ''),
(45, 20536827, -7.8522274, 112.5169228, 'SMK NEGERI 3 BATU', 'JL. TERUSAN METRO DSN. SANTREAN DS. SUMBEREJO KEC.', 9, 341592025, 'smkn3batu.sch.id', 2, ''),
(46, 20500423, -7.2337515, 112.5586788, 'SMK NEGERI 1 CERME', 'JALAN JURIT KECAMATAN CERME KABUPATEN GRESIK', 10, 317992471, 'smkn1cermegresik.sch.id', 2, ''),
(47, 20500412, -6.9625307, 112.5090184, 'SMK NEGERI 1 SIDAYU', 'JALAN RAYA WADENG SIDAYU GRESIK', 10, 811, 'smkn1sidayu.sch.id', 2, ''),
(48, 20570881, -7.3311587, 112.6360193, 'SMK NEGERI 1 DRIYOREJO', 'JL. MIRAH DELIMA KOTA BARU DRIYOREJO (KBD) GRESIK', 10, 317580088, 'smknegeri1driyorejo.sch.id', 2, ''),
(49, 20570783, -7.1654471, 112.5139698, 'SMK NEGERI 1 DUDUKSAMPEYAN', 'JL. SUMARI KEC. DUDUKSAMPEYAN', 10, 313904392, 'smkn1duduksampeyan.blogspot.com', 2, ''),
(50, 20501720, -7.434515, 112.7193748, 'SMK NEGERI 1 BUDURAN', 'JL. JENGGOLO NO. 1-B', 11, 318946770, 'smkn1buduran.sch.id', 2, ''),
(51, 20501695, -7.4374243, 112.7204551, 'SMK NEGERI 2 BUDURAN', 'JL. JENGGOLO NO. 2A SIWALAN PANJI BUDURAN SIDOARJO', 11, 318964034, 'smkn2buduran.sch.id', 2, ''),
(52, 20501715, -7.4521655, 112.7213469, 'SMK NEGERI 1 SIDOARJO', 'JL. MONGINSIDI - SIDOARJO', 11, 318965636, 'smkn1sidoarjo.sch.id', 2, ''),
(53, 20501714, -7.4345683, 112.7212815, 'SMK NEGERI 3 BUDURAN', 'JL. JENGGOLO IC BUDURAN', 11, 318961218, 'smkn3buduran.sch.id', 2, ''),
(54, 20570902, -7.5547783, 112.7253572, 'SMK NEGERI 1 JABON', 'DS. PANGGREH RT. 05 RW. 02 - JABON, SIDOARJO', 11, 343656413, 'smkn1jabon.sch.id', 2, ''),
(55, 20502730, -7.4866344, 112.4251653, 'SMK NEGERI 1 SOOKO', 'JL. R. A. BASUNI NO. 5 MOJOKERTO', 12, 321322694, 'smkn1sookomojokerto.sch.id', 2, ''),
(56, 20502729, -7.5515581, 112.4779496, 'SMK NEGERI 1 DLANGGU', 'JL. A. YANI 1 DS. POHKECIK DLANGGU MOJOKERTO', 12, 321513093, 'smkn1dlanggu.sch.id', 2, ''),
(57, 20502706, -7.5342387, 112.5578823, 'SMK NEGERI 1 PUNGGING', 'JL. RAYA TRAWAS PUNGGING MOJOKERTO', 12, 321593257, 'smkn1pungging.sch.id', 2, ''),
(58, 20502731, -7.4025394, 112.4509612, 'SMK NEGERI 1 JETIS', 'JL. RAYA DESA MOJOLEBAK', 12, 2147483647, 'smkn1jetis.sch.id', 2, ''),
(59, 20549436, -7.5832851, 112.4204135, 'SMK NEGERI 1 JATIREJO', 'JL. RAYA SUMENGKO JATIREJO MOJOKERTO', 12, 321491752, '', 2, ''),
(60, 20549916, -7.4034587, 112.3604256, 'SMK NEGERI 1 KEMLAGI', 'JL. PAKUTOMO, DS. MOJOGEBANG, KEMLAGI, MOJOKERTO', 12, 321363085, 'arsitekmuda.business.site', 2, ''),
(61, 20563907, -7.5519138, 112.3883958, 'SMK NEGERI 1 TROWULAN', 'JL. MAWAR NO 1 DS TROWULAN KEC.TROWULAN KAB MOJOKE', 12, 2147483647, 'smkn1trowulan.sch.id', 2, ''),
(62, 20570622, -7.4720287, 112.4737611, 'SMK NEGERI MOJOANYAR', 'DSN. WONOAYU DS. KEPUHANYAR KEC. MOJOANYAR', 12, 2147483647, 'smkn1mojoanyar.sch.id', 2, ''),
(63, 20503375, -7.5525208, 112.2261809, 'SMK NEGERI 1 JOMBANG', 'JL.DR SUTOMO NO.15 JOMBANG', 13, 321861516, 'smkn1jombang.sch.id', 2, ''),
(64, 20503373, -7.5558129, 112.2321305, 'SMK NEGERI 2 JOMBANG', 'JL. BUPATI RAA. SOEROADININGRAT NO. 06 JOMBANG', 13, 0, 'smkn2jombang.sch.id', 2, ''),
(65, 20540314, -7.6878902, 112.356022, 'SMK NEGERI WONOSALAM', 'JL. ANJASMORO WONOSALAM', 13, 2147483647, 'smknegeriwonosalam.blogspot.com', 2, ''),
(66, 20503372, -7.5548206, 112.2244836, 'SMK NEGERI 3 JOMBANG', 'JL. PATTIMURA NO. 6 JOMBANG', 13, 321862138, 'smkn3-jbg.sch.id', 2, ''),
(67, 20539724, -7.6296332, 112.1850788, 'SMK NEGERI GUDO JOMBANG', 'JL. PAWIYATAN 6 GUDO JOMBANG', 13, 321867638, 'smkngudo.sch.id', 2, ''),
(68, 20503371, -7.4272835, 112.2861604, 'SMK NEGERI KUDU', 'JL. RAYA TAPEN LOR KUDU JOMBANG', 13, 321889497, 'smknkudu1.wordpres.com', 2, ''),
(69, 20503374, -7.5695646, 112.3529159, 'SMK NEGERI MOJOAGUNG', 'JL. VETERAN NO.66 MOJOAGUNG', 13, 321495082, 'smknmojoagung.sch.id', 2, ''),
(70, 60724968, -7.4181773, 112.2662739, 'SMK NEGERI KABUH', 'RAYA KABUH KM 6', 13, 0, '', 2, ''),
(71, 20541258, -7.1652018, 111.8748378, 'SMK NEGERI 1 BOJONEGORO', 'JL. PANGLIMA POLIM NO. 50 BOJONEGORO', 14, 353888346, 'smkn1bojonegoro.sch.id', 2, ''),
(72, 20541267, -7.1805665, 111.9058392, 'SMK NEGERI 4 BOJONEGORO', 'JL. RAYA SURABAYA SUKOWATI, KAPAS, BJN', 14, 353892418, '', 2, ''),
(73, 20541257, -7.1311851, 112.1034743, 'SMK NEGERI 1 BAURENO', 'JL. RAYA JURUSAN KEPOHBARU NO. 258 BAURENO', 14, 0, 'smkn1baureno.sch.id', 2, ''),
(74, 20504483, -7.3309293, 111.9030412, 'SMK NEGERI TEMAYANG', 'JL. RAYA TEMAYANG KM 26 BOJONEGORO', 14, 2147483647, 'smkntemayang.sch.id', 2, ''),
(75, 20554931, -7.3968646, 111.7290811, 'SMK NEGERI SEKAR', 'JL. RAYA MIYONO KEC. SEKAR', 14, 0, 'smknsekar.sch.id', 2, ''),
(76, 20504482, -7.1609942, 111.8754528, 'SMK NEGERI 2 BOJONEGORO', 'JL. PATTIMURA NO. 3 BOJONEGORO', 14, 353881912, 'smkn2bojonegoro.sch.id', 2, ''),
(77, 20541266, -7.1634968, 111.8759593, 'SMK NEGERI 3 BOJONEGORO', 'JL. PANGLIMA POLIM NO.49 BOJONEGORO', 14, 353880310, 'smkn3bojonegoro.sch.id', 2, ''),
(78, 20541265, -7.3029412, 111.9081819, 'SMK NEGERI SUGIHWARAS', 'JL. RAYA SUGIHWARAS - PANEMON KEC. SUGIHWARAS', 14, 2147483647, '', 2, ''),
(79, 20541259, -7.1810316, 111.8594885, 'SMK NEGERI DANDER', 'JL. KHR.M ROSYID GG.MBAH GATI SUMBERTLASEH DANDER', 14, 2147483647, '', 2, ''),
(80, 20541264, -7.1905386, 111.6741774, 'SMK NEGERI PURWOSARI', 'JL. RAYA NGAMBON KM 1.5 PURWOSARI BOJONEGORO', 14, 2147483647, 'smkpurwosari.blogspot.com', 2, ''),
(81, 20541261, -7.2965527, 111.7219017, 'SMK NEGERI NGAMBON', 'JL. RAYA 405 B NGAMBON', 14, 0, 'smknegeringambon.sch.id', 2, ''),
(82, 20541263, -7.2388651, 111.5407384, 'SMK NEGERI NGRAHO', 'JL. RAYA NO. 613 NGRAHO BOJONEGORO', 14, 0, '', 2, ''),
(83, 20541260, -7.123359, 111.618268, 'SMK NEGERI KASIMAN', 'JL. WONOSARI, SAMBENG, KASIMAN, BOJONEGORO', 14, 0, 'smkn1kasimanbjn.mysch.id', 2, ''),
(84, 20541262, -7.8036553, 112.0667998, 'SMK NEGERI NGASEM', 'JL. RAYA KALITIDU-NGASEM NO. 183 KEC. NGASEM BOJON', 14, 354547762, 'smkn1ngasem-kediri.sch.id', 2, ''),
(85, 20566062, -7.109705, 112.025933, 'SMK NEGERI 1 KANOR', 'DS. SUMBERWANGI KECAMATAN KANOR', 14, 2147483647, 'sekolah.data.kemdikbud.go.id', 2, ''),
(86, 20573249, -7.2227821, 112.0646553, 'SMK NEGERI SUMBERREJO', 'JL. RAYA KAYULEMAH 184 SUMBERREJO BOJONEGORO', 14, 0, '', 2, ''),
(87, 69757474, -7.3495216, 111.5018803, 'SMK NEGERI MARGOMULYO', 'DUSUN JERUK GULUNG, DESA MARGOMULYO, RT 02 RW 03,', 14, 0, 'skanema.sch.id', 2, ''),
(88, 20505026, -6.901015, 112.042104, 'SMK NEGERI 1 TUBAN', 'JL. MASTRIP NO. 2 TUBAN', 15, 356321422, 'smkn1-tuban.sch.id', 2, ''),
(89, 20546979, -6.8607247, 111.9270122, 'SMK NEGERI 3 TUBAN', 'JL. BLOSO DESA TEMANDANG MERAKURAK TUBAN', 15, 356711974, 'smkn3tuban.sch.id', 2, ''),
(90, 20505024, -6.8608845, 111.6551043, 'SMK NEGERI JATIROGO', 'JL. RAYA BADER 55 JATIROGO TUBAN', 15, 2147483647, 'smkn-jatirogo.sch.id', 2, ''),
(91, 20547267, -6.8041443, 111.866995, 'SMK NEGERI 1 TAMBAKBOYO', 'JL. SAWIR 09 DESA SAWIR TAMBAKBOYO TUBAN', 15, 2147483647, '', 2, ''),
(92, 20505025, -6.9056312, 112.0645165, 'SMK NEGERI 2 TUBAN', 'JL. PROF. MOH YAMIN SH NO. 106 TUBAN', 15, 356321255, 'smkn2tuban.sch.id', 2, ''),
(93, 20547832, -6.970284118, 111.77926864475012, 'SMK NEGERI 1 SINGGAHAN', 'JL. P. SUDIRMAN NO. 100 POS JOJOGAN SINGGAHAN', 15, 0, '', 2, ''),
(94, 20546981, -7.0544278, 112.0322687, 'SMK NEGERI RENGEL', 'JL. KALISAT NO. 1 DS. PUNGGULREJO RENGEL - TUBAN', 15, 356812113, 'smknrengel.sch.id', 2, ''),
(95, 20552240, -7.0120797, 112.1421461, 'SMK NEGERI WIDANG', 'JL. RAYA DS. MRUTUK WIDANG TUBAN', 15, 2147483647, 'smknwidang.sch.id', 2, ''),
(96, 20554903, -6.8992955, 112.1453285, 'SMK NEGERI  PALANG', 'JL. GRESIK DSN. TAMBAKREJO RT. 03 RW. 03 DESA GLOD', 15, 0, '', 2, ''),
(97, 20506249, -7.1135928, 112.4198365, 'SMK NEGERI 1 LAMONGAN', 'JL. JENDERAL SUDIRMAN NO. 84 LAMONGAN', 16, 322321189, 'smkn1lamongan.sch.id', 2, ''),
(98, 20506246, -6.8893059, 112.2142372, 'SMK NEGERI BRONDONG', 'JL. RAYA TLOGORETNO BRONDONG LAMONGAN', 16, 0, '', 2, ''),
(99, 20506250, -7.1914167, 112.4583723, 'SMK NEGERI SARIREJO', 'DS. GEMPOLTUKMLOKO SARIREJO', 16, 2147483647, 'smkn1sarirejo.sch.id', 2, ''),
(100, 20506248, -6.9999295, 112.3840974, 'SMK NEGERI 1 KALITENGAH', 'JL. MAHKOTA 280 DEBEE KALITENGAH', 16, 0, 'smkn1kalitengah.sch.id', 2, ''),
(101, 20554338, -7.1159949, 112.4208785, 'SMK NEGERI 2 LAMONGAN', 'JL. VETERAN LAMONGAN', 16, 0, 'smkn2-lmg.sch.id', 2, ''),
(102, 20554339, -7.2871768, 112.2185011, 'SMK NEGERI 1 SAMBENG', 'SAMBENG-LAMONGAN', 16, 322454027, 'smkn1sambeng.sch.id', 2, ''),
(103, 20507713, -7.5489345, 111.6485569, 'SMK NEGERI 1 WONOASRI', 'JL. PANGLIMA SUDIRMAN NO 1 MEJAYAN', 17, 0, 'smkn1wonoasri.sch.id', 2, ''),
(104, 20507705, -7.623007, 111.4790338, 'SMK NEGERI 2 JIWAN', 'JL. RAYA SOLO NO 07 DS. KWANGSEN, KEC. JIWAN, KAB.', 17, 351865203, '', 2, ''),
(105, 20507698, -7.7160867, 111.4888352, 'SMK NEGERI 1 KEBONSARI', 'JL. RAYA SINGGAHAN, DS. SINGGAHAN, KEC. KEBONSARI', 17, 351365504, 'smkn1kebonsari.sch.id', 2, ''),
(106, 20548732, -7.6726329, 111.7017959, 'SMK NEGERI KARE', 'JL. RAYA  DS. MORANG KEC. KARE KAB. MADIUN', 17, 2147483647, 'smknkare.sch.id', 2, ''),
(107, 20507699, -7.6025452, 111.5086579, 'SMK NEGERI 1 JIWAN', 'JL. K.H AHMAD DAHLAN DS. WAYUT KAB. MADIUN', 17, 351494217, '', 2, ''),
(108, 20507715, -7.6963214, 111.5148001, 'SMK NEGERI 1 GEGER', 'JL. RAYA NGLANDUNG, DS. NGLANDUNG, KEC. GEGER, KAB', 17, 351366099, '', 2, ''),
(109, 20554932, -7.5944815, 111.7425519, 'SMK NEGERI 1 GEMARANG', 'JL. RAYA TGP, DS. SEBAYI, KEC. GEMARANG, KAB. MADI', 17, 2147483647, 'smkn1gemarang.sch.id', 2, ''),
(110, 69816292, -7.5570081, 111.657787, 'SMK NEGERI 1 MEJAYAN', 'KELURAHAN PANDEAN, KEC. MEJAYA, KAB. MADIUN', 17, 351388490, 'smkn1mejayan.sch.id', 2, ''),
(111, 20508467, -7.4322582, 111.4630083, 'SMK NEGERI 2 NGAWI', 'JL. SUPRIYADI KM. 3 NGAWI', 18, 2147483647, 'smknegeri2ngawi.blogspot.com', 2, ''),
(112, 20554787, -7.4231436, 111.5764168, 'SMK NEGERI 1 BRINGIN', 'JL. SIDOKERTO-BRINGIN,RT.02 RW.04, DSN. WINONG,DS.', 18, 2147483647, '', 2, ''),
(113, 20508468, -7.4014591, 111.4417729, 'SMK NEGERI 1 NGAWI', 'JL. TEUKU UMAR NO. 10', 18, 351749517, 'smkn1ngawi.sch.id', 2, ''),
(114, 20554786, -7.3740577, 111.3681423, 'SMK NEGERI 1 PITU', 'JL. RAYA NGANCAR NGAWI KM 15', 18, 2147483647, 'smkn1pitu.sch.id', 2, ''),
(115, 20508489, -7.5013875, 111.4271298, 'SMK NEGERI 1 GENENG', 'JL. RAYA GENENG, NGAWI', 18, 0, '', 2, ''),
(116, 20508490, -7.4155447, 111.4965113, 'SMK NEGERI KASREMAN', 'DS. CANGAKAN, KASREMAN NGAWI', 18, 0, '', 2, ''),
(117, 20554785, -7.4918851, 111.3091817, 'SMK NEGERI 1 PARON', 'JL. RAYA GENTONG PARON NGAWI', 18, 2147483647, 'smkn1paron.com', 2, ''),
(118, 20554957, -7.5228134, 111.3780281, 'SMK NEGERI 1 GERIH', 'JL RAYA GENENG KENDAL KM 8 GUYUNG', 18, 2147483647, '', 2, ''),
(119, 20554956, -7.4830053, 111.1712766, 'SMK NEGERI 1 SINE', 'JL RAYA TULAKAN SINE KM 5', 18, 2147483647, 'smknegeri1sine.wordpress.com', 2, ''),
(120, 20509294, -7.658551, 111.3266108, 'SMK NEGERI 1 MAGETAN', 'JALAN KATINI NO. 6 MAGETAN', 19, 351895094, 'smkn1magetan.sch.id', 2, ''),
(121, 20509295, -7.6457338, 111.4246435, 'SMK NEGERI 1 BENDO', 'JL. RAYA KEC. BENDO KAB. MAGETAN', 19, 351439660, 'smkn1bendo.sch.id', 2, ''),
(122, 20537501, -7.5345071, 111.4783208, 'SMK NEGERI KARTOHARJO', 'DS. KARTOHARJO KEC. KARTOHARJO KAB. MAGETAN', 19, 351864788, '', 2, ''),
(123, 20509347, -7.6832298, 111.4502021, 'SMK NEGERI TAKERAN', 'DS. KUWONHARJO KEC. TAKERAN KAB. MAGETAN', 19, 0, '', 2, ''),
(124, 20537499, -7.6578436, 111.3248989, 'SMK NEGERI 2 MAGETAN', 'JL. KEMASAN NO. 13 MAGETAN', 19, 351895065, 'smkn2magetan.sch.id', 2, ''),
(125, 20537498, -7.7133469, 111.2477028, 'SMK NEGERI PONCOL', 'JL.RAYA GENILANGIT-PONCOL.KEC. PONCOL KAB. MAGETAN', 19, 351889422, '', 2, ''),
(126, 20510100, -7.8721813, 111.4617027, 'SMK NEGERI 1 PONOROGO', 'JL. JEND. SUDIRMAN NO 10', 20, 352481293, 'smkn1ponorogo.sch.id', 2, ''),
(127, 20510098, -7.8814367, 111.4593592, 'SMK NEGERI 2 PONOROGO', 'JL. LAKS YOS SUDARSO NO.21 A, PONOROGO', 20, 352481922, 'smkn2ponorogo.sch.id', 2, ''),
(128, 20539063, -7.8761395, 111.34011, 'SMK NEGERI 1 BADEGAN', 'JL. SUYUDONO NO.1, BADEGAN', 20, 352751034, 'smkn1badegan.sch.id', 2, ''),
(129, 20549448, -8.0102592, 111.4189543, 'SMK NEGERI 1 SLAHUNG', 'JL. MACAN TUTUL, DS. GALAK, KEC. SLAHUNG', 20, 2147483647, 'smkn1slahung.sch.id', 2, ''),
(130, 20510101, -7.8513877, 111.4997283, 'SMK NEGERI 1 JENANGAN', 'JL. NIKEN GANDINI NO.98, SETONO, JENANGAN, PONOROG', 20, 352481236, '', 2, ''),
(131, 20510099, -7.9722369, 111.5693589, 'SMK NEGERI 1 SAWOO', 'JL. ROUTE PB. JEND. SOEDIRMAN NO. 2 SAWOO', 20, 0, 'smkn1sawoo.sch.id', 2, ''),
(132, 20510155, -7.9109064, 111.5277356, 'SMK NEGERI 1  MLARAK', 'JL RAYA MLARAK PULUNG MLARAK, MLARAK PONOROGO.', 20, 352486542, 'smkn1mlarak.sch.id', 2, ''),
(133, 20511014, -8.2063517, 111.0901273, 'SMK NEGERI 1 PACITAN', 'JL. LETJEN SOEPRAPTO 53 PACITAN', 21, 357881309, 'smkn1pacitan.sch.id', 2, ''),
(134, 20552213, -8.1028747, 110.9980513, 'SMK NEGERI 1 DONOROJO', 'JL. JAJAR INDAH 13 DONOROJO PACITAN', 21, 357511577, 'smkn1donorojo-pct.sch.id', 2, ''),
(135, 20511013, -7.9476582, 111.1863827, 'SMK NEGERI 1 NAWANGAN', 'JL. JENDRAL SUDIRMAN NO 03 PAKIS BARU NAWANGAN', 21, 357371003, 'smknegeri1nawangan.com', 2, ''),
(136, 20511001, -8.2240671, 111.2880119, 'SMK NEGERI NGADIROJO', 'DS. HADIWARNO KEC. NGADIROJO KAB. PACITAN', 21, 2147483647, '', 2, ''),
(137, 20511015, -8.2032507, 111.0907647, 'SMK NEGERI 3 PACITAN', 'JL LETJEND SOEPRAPTO 47 PACITAN', 21, 357881090, 'smkn3-pacitan.sch.id', 2, ''),
(138, 20511016, -8.2007401, 111.0848022, 'SMK NEGERI 2 PACITAN', 'JALAN WALANDA MARAMIS NO. 2 PACITAN', 21, 357881078, 'smkn2pacitan.sch.id', 2, ''),
(139, 20554534, -7.9972418, 111.2613981, 'SMK NEGERI BANDAR', 'JL RAYA BANDAR-PACITAN', 21, 2147483647, '', 2, ''),
(140, 20570687, -8.1995181, 111.3433826, 'SMK NEGERI 1 SUDIMORO', 'DS. SUKOREJO KEC. SUDIMORO KAB. PACITAN', 21, 2147483647, 'smkn2sudimoro.sch.id', 2, ''),
(141, 20574730, -8.1729966, 111.0416306, 'SMK NEGERI PRINGKUKU', 'DESA NGADIREJAN KEC.PRINGKUKU PACITAN', 21, 357511037, '', 2, ''),
(142, 20574705, -8.25, 111.370197, 'SMK NEGERI 2 DONOROJO', 'DUSUN KRAJAN KULON, DS. KALAK, KEC.DONOROJO, KAB', 21, 0, '', 2, ''),
(143, 20576130, -8.0081941, 111.182167, 'SMK NEGERI 2 NAWANGAN', 'DESA JETIS LOR,   KEC.NAWANGAN  KAB  PACITAN', 21, 2147483647, 'smkn2sudimoro.sch.id', 2, ''),
(144, 20576132, -8.1995181, 111.3433826, 'SMK NEGERI 2 SUDIMORO', 'DS. SEMBOWO KEC. SUDIMORO KAB. PACITAN', 21, 0, '', 2, ''),
(145, 20510920, -8.1740382, 111.2121299, 'SMK NEGERI KEBONAGUNG', 'JL. PACITAN - LOROK KM. 17  DS. KETRO, KEC. KEBONA', 21, 2147483647, 'smknkebonagungpacitan.sch.id', 2, ''),
(146, 69787440, -8.1104904, 111.3359706, 'SMK NEGERI TULAKAN', 'DSN. SOBOKULON DS. KETRO KEC. TULAKAN', 21, 0, '', 2, ''),
(147, 20511947, -7.8359767, 112.1725774, 'SMK NEGERI 1 PLOSOKLATEN', 'JALAN PARE WATES KM, 7 DESA SUMBERAGUNG KEC. PLOSO', 22, 354392619, 'smkn1plosoklaten.sch.id', 2, ''),
(148, 20558812, -7.8036553, 112.0667998, 'SMK NEGERI 1 NGASEM', 'JL. TOTOK KEROT DS. SUMBEREJO KEC. NGASEMKAB KED', 22, 354547762, 'smkn1ngasem-kediri.sch.id', 2, ''),
(149, 69775452, -7.9891636, 111.9551466, 'SMK NEGERI 1 KRAS', 'DSN. DEMANGAN, DS. SETONOREJO, KRAS', 22, 0, '', 2, ''),
(150, 69765029, -7.6534756, 112.0933553, 'SMK NEGERI 1 PURWOASRI', 'JL. RAYA MRANGGEN PURWOASRI KEDIRI', 22, 0, 'smkn1purwoasri-kediri.sch.id', 2, ''),
(151, 69765030, -7.7468263, 111.975836, 'SMK NEGERI 1 GROGOL', 'JL. SUMBER GAMBI KIDUL GANG 1, DS. SONOREJO, KEC.', 22, 354773468, 'smkn1grogolkediri.sch.id', 2, ''),
(152, 69765031, -7.8292268, 111.9711767, 'SMK NEGERI 1 SEMEN', 'EX. SDN 2  TITIK DS. TITIK, KEC. SEMEN', 22, 0, '', 2, ''),
(153, 20538342, -7.6046488, 111.8931404, 'SMK NEGERI 1 NGANJUK', 'JL. DR. SOETOMO NO. 61C NGANJUK', 23, 358321483, 'smkn1nganjuk.sch.id', 2, ''),
(154, 20538340, -7.60122, 111.8743233, 'SMK NEGERI 1 BAGOR', 'DS. GANDU KEC. BAGOR NGANJUK', 23, 358325401, '', 2, ''),
(155, 20538343, -7.6114701, 111.9112302, 'SMK NEGERI 2 NGANJUK', 'JL. LAWU NO. 3 NGANJUK', 23, 0, '', 2, ''),
(156, 20513253, -7.537463, 111.985367, 'SMK NEGERI 1 GONDANG', 'BALONGGEBANG TROMOL POS 2, GONDANG, NGANJUK', 23, 358611606, '', 2, ''),
(157, 20538341, -7.6009209, 112.1062441, 'SMK NEGERI 1 KERTOSONO', 'JL. LANGSEP NO. 24 KERTOSONO', 23, 358551466, 'smkn1kts.sch.id', 2, ''),
(158, 20554405, -7.53643, 112.0566513, 'SMK NEGERI 1 LENGKONG', 'JL. RAYA LENGKONG GONDANG KM. 2', 23, 0, 'smkn1lengkong.sch.id', 2, ''),
(159, 69727424, -7.579171, 111.8675347, 'SMK  NEGERI 2 BAGOR', 'JL.  RAYA SOLO NO. 146 SELOREJO BAGOR', 23, 358324504, 'smkn2bagor.sch.id', 2, ''),
(160, 20571770, -7.6164029, 112.0187421, 'SMK NEGERI 1 TANJUNGANOM', 'JL. KARTINI NO. 1 WARUJAYENG', 23, 358772950, '', 2, ''),
(161, 20551747, -8.1425362, 112.1372754, 'SMK NEGERI 1 KADEMANGAN', 'JL. SADEWO 1 KADEMANGAN', 24, 342815208, 'smkkademangan.sch.id', 2, ''),
(162, 20514364, -8.0493376, 112.4162162, 'SMK NEGERI 1 DOKO', 'JL. PAHLAWAN DS. RESAPOMBO KEC. DOKO KAB. BLITAR', 24, 342331676, 'smkn1doko.sch.id', 2, ''),
(163, 20551726, -8.0054069, 112.0670227, 'SMK NEGERI 1 UDANAWU', 'JL. RAYA SLEMANAN, KOTAK POS 10 UDANAWU BLITAR', 24, 342552030, 'smkn1udanawu.sch.id', 2, ''),
(164, 20514365, -8.2577836, 112.0045277, 'SMK NEGERI 1 BAKUNG', 'JL. YOS SUDARSO BAKUNG', 24, 0, '', 2, ''),
(165, 20551723, -8.2513837, 112.2780204, 'SMK NEGERI 1 PANGGUNGREJO', 'JL. PROTOKOL DS. PANGGUNGREJO KEC. PANGGUNGREJO', 24, 2147483647, 'smkn1panggungrejo.sch.id', 2, ''),
(166, 20557276, -8.0407414, 112.2146492, 'SMK NEGERI 1 NGLEGOK', 'JL. PENATARAN NO.1 NGLEGOK KAB. BLITAR', 24, 342561355, '', 2, ''),
(167, 20537286, -8.0814886, 111.8985092, 'SMK NEGERI 1 BOYOLANGU', 'JALAN KI MANGUNSARKORO VI/3 TULUNGAGUNG', 25, 355321794, 'smkn1boyolangu.sch.id', 2, ''),
(168, 20548745, -8.0818062, 111.8994838, 'SMK NEGERI 2 BOYOLANGU', 'JALAN KI MANGUNSARKORO VI/1 TULUNGAGUNG', 25, 355322989, 'smkn2boyolangu.sch.id', 2, ''),
(169, 20547845, -7.9976, 111.8154713, 'SMK NEGERI 1 PAGERWOJO', 'DS. MULYOSARI PAGERWOJO', 25, 0, '', 2, ''),
(170, 20515449, -8.0833637, 111.899403, 'SMK NEGERI 3 BOYOLANGU', 'JL. KI MANGUNSARKORO BEJI BOYOLANGU', 25, 355321415, 'smkn3boy.sch.id', 2, ''),
(171, 20554703, -8.109871, 112.0375583, 'SMK NEGERI 1 REJOTANGAN', 'JL. RAYA BUNTARAN REJOTANGAN TULUNGAGUNG', 25, 355394057, 'smkn1rejotangan.sch.id', 2, ''),
(172, 20515441, -8.1663098, 111.7394552, 'SMK NEGERI 1 BANDUNG', 'DESA BANTENGAN KEC. BANDUNG KAB. TULUNGAGUNG', 25, 355531899, 'smknbandung.business.site', 2, ''),
(173, 20566440, -8.1029509, 111.8934037, 'SMK NEGERI 1 TULUNGAGUNG', 'JL. RAYA BOYOLANGU KM. 5 TULUNGAGUNG', 25, 355325853, '', 2, ''),
(174, 69775580, -8.0686822, 111.9510108, 'SMK NEGERI 2  TULUNGAGUNG', 'JL. RAYA JABALSARI SUMBERGEMPOL', 25, 2147483647, 'smkn2tulungagung.sch.id', 2, ''),
(175, 20542523, -8.0943802, 111.7284793, 'SMK NEGERI 1 POGALAN', 'JL. RAYA TRENGGALEK - TULUNGAGUNG NO. 03', 25, 355791371, 'smkn1pogalan.sch.id', 2, ''),
(176, 20542524, -8.0558946, 111.7008673, 'SMK NEGERI 1 TRENGGALEK', 'JL.BRIGJEN SUTRAN NO.3 TRENGGALEK', 26, 0, '', 2, ''),
(177, 20542517, -8.0552437, 111.7110867, 'SMK NEGERI 2 TRENGGALEK', 'JL.RA.KARTINI GG. SIDOLUHUR 20', 26, 355793674, 'smkn2trenggalek.sch.id', 2, ''),
(178, 20542516, -8.26503, 111.7208513, 'SMK NEGERI 1 WATULIMO', 'JL. GAJAH OYO 1 PRIGI TRENGGALEK', 26, 355552100, 'smkn1watulimo.sch.id', 2, ''),
(179, 20554366, -8.093631, 111.6312057, 'SMK NEGERI 1 SURUH', 'JL. NGUSMAN SURUH - TRENGGALEK', 26, 2147483647, 'smkn1suruh.sch.id', 2, ''),
(180, 20517766, -7.9064935, 112.6571667, 'SMK NEGERI 1 SINGOSARI', 'JL. RAYA MONDOROKO NO. 03 SINGOSARI', 27, 341458138, 'smkn1sgs.sch.id', 2, ''),
(181, 20549216, -7.8389157, 112.454891, 'SMK NEGERI PUJON', 'JL. BRIGJEN ABD MANAN WIJAYA 14 PUJON', 27, 0, '', 2, ''),
(182, 20517767, -8.1687127, 112.6880654, 'SMK NEGERI 1 TUREN', 'JL.PANGLIMA SUDIRMAN NO.41 TUREN', 27, 341824059, 'smkn1-turen.sch.id', 2, ''),
(183, 20549215, -8.1780306, 112.6862258, 'SMK NEGERI 2 TUREN', 'JL.GATOT SUBROTO 69 SEDAYU TUREN', 27, 341828222, '', 2, ''),
(184, 20566286, -7.913637, 112.6383138, 'SMK NEGERI 2 SINGOSARI', 'JL. PERUSAHAAN  NO.20 TUNJUNGTIRTO-SINGOSARI', 27, 0, '', 2, ''),
(185, 20564067, -8.1427021, 112.5835958, 'SMK NEGERI KEPANJEN', 'JL RAYA KEDUNGPEDARINGAN', 27, 341395777, 'smkn1kepanjen.sch.id', 2, ''),
(186, 20570779, -8.2436747, 112.6179421, 'SMK NEGERI 1 GEDANGAN', 'JL. SUMBEREJO DS. SUMBEREJO - GEDANGAN', 27, 341876211, 'smkn1gedangan-malang.sch.id', 2, ''),
(187, 69772576, -8.233049, 112.876556, 'SMK NEGERI 1 AMPELGADING', 'JL. KLAMPIS IRENG RT.002 / RW.001 TIRTOMARTO AMPEL', 27, 2147483647, 'smknsagjatim.sch.id', 2, ''),
(188, 20519278, -7.6005659, 112.7900112, 'SMK NEGERI 1 BANGIL', 'JL. TONGKOL NO.3 BANGIL', 28, 343744144, 'smkn1-bangil.sch.id', 2, ''),
(189, 20519164, -7.7148213, 113.0666893, 'SMK NEGERI 1 NGULING', 'JL. DR. SOETOMO NO. 69 NGULING', 28, 343483833, '', 2, ''),
(190, 20519145, -7.7293712, 112.9626125, 'SMK NEGERI WINONGAN', 'JL. RAYA MENDALAN WINONGAN', 28, 343443542, 'smknwinongan.sch.id', 2, ''),
(191, 20541413, -7.1744203, 111.5183335, 'SMK NEGERI REMBANG', 'JL. RAYA REMBANG KEC. REMBANG', 28, 0, 'smknrembangpas.sch.id', 2, ''),
(192, 20541412, -7.6975929, 112.6449498, 'SMK NEGERI 1 PRIGEN', 'JL. PECALUKAN LEDUG PRIGEN', 28, 0, '', 2, ''),
(193, 20541411, -7.587076, 112.7186909, 'SMK NEGERI 1 BEJI', 'JL. WICAKSONO NO. 22B GUNUNGGANGSIR BEJI', 28, 343658383, 'smknegeri1beji.sch.id', 2, ''),
(194, 20519149, -7.6841294, 112.693863, 'SMK NEGERI 1 PURWOSARI', 'JL. RAYA PURWOSARI KECAMATAN PURWOSARI KAB. PASURU', 28, 343613747, 'smkn1purwosari.sch.id', 2, ''),
(195, 20519220, -7.6992504, 112.9866677, 'SMK NEGERI 1 GRATI', 'JL. RAYA NGOPAK 1 GRATI, PASURUAN', 28, 343482009, 'site.smkn1grati.sch.id', 2, ''),
(196, 20519148, -7.8302843, 112.8636234, 'SMK NEGERI PUSPO', 'JL. RAYA PUSPO NO 05 PUSPO', 28, 2147483647, '', 2, ''),
(197, 20519146, -7.8747084, 112.8036512, 'SMK NEGERI TUTUR', 'JL. RAYA TUTUR 14 NONGKOJAJAR, TUTUR', 28, 343499603, 'smkntutur-pasuruan.sch.id', 2, ''),
(198, 20519147, -7.7278796, 112.7085032, 'SMK NEGERI SUKOREJO', 'JL. SUMBER GARENG-SUKOREJO, SUKOREJO', 28, 2147483647, '', 2, ''),
(199, 20541414, -7.6961707, 112.8205322, 'SMK NEGERI 1 WONOREJO', 'JL. PP TERPADU AL-YASINI KLUWUT WONOREJO', 28, 0, '(0343) 410064', 2, ''),
(200, 20542536, -7.6175858, 112.6863572, 'SMK NEGERI 1 GEMPOL', 'JL. DAU DARMOREJO KEPULUNGAN GEMPOL', 28, 343635726, 'smkn1gempol.sch.id', 2, ''),
(201, 20570160, -7.7042693, 112.7249066, 'SMK NEGERI 2 SUKOREJO', 'JL. RAYA SUKOREJO - BANGIL KM.2 LECARI SUKOREJO', 28, 2147483647, 'smk2sukorejo.sch.id', 2, ''),
(202, 20546536, -7.7594567, 113.4119403, 'SMK NEGERI 1 KRAKSAAN', 'JL. TENIS NO. 10 KRAKSAAN', 29, 335841306, 'smkn1kraksan.sch.id', 2, ''),
(203, 20546537, -7.7594563, 113.3966193, 'SMK NEGERI 2 KRAKSAAN', 'JL. DIPONEGORO NO.5 KEC. KRAKSAAN', 29, 335846407, 'smkn2kraksaan.sch.id', 2, ''),
(204, 20562152, -7.8052731, 113.2995772, 'SMK NEGERI GENDING', 'JL. SUMBERKERANG KEC. GENDING', 29, 335613700, '', 2, ''),
(205, 20562091, -7.7374763, 113.4980733, 'SMK NEGERI KOTAANYAR', 'JL. SUKOREJO KEC. KOTAANYAR', 29, 0, 'smkn1kotaanyar.sch.id', 2, ''),
(206, 20562087, -7.8395449, 113.3307317, 'SMK NEGERI BANYUANYAR', 'JL. KLENANG LOR NO. 100', 29, 2147483647, 'smkn1banyuanyar.sch.id', 2, ''),
(207, 20562077, -7.7899792, 113.1461186, 'SMK NEGERI WONOMERTO', 'JL.SUKAPURA KEC. WONOMERTO', 29, 0, '', 2, ''),
(208, 20554925, -7.7517411, 113.1544818, 'SMK NEGERI SUMBERASIH', 'JL. BRAWIJAYA NO. 78 DS. LEMAHKEMBAR KEC. SUMBERAS', 29, 0, '', 2, ''),
(209, 20562212, -7.931562, 113.1032528, 'SMK NEGERI SUMBER', 'JLN RAYA BERAS NO. 1 DESA TUKUL KEC. SUMBER', 29, 2147483647, '', 2, ''),
(210, 20577732, -7.8737612, 113.0584352, 'SMK NEGERI SUKAPURA', 'DESA JETAK KEC. SUKAPURA', 29, 0, '', 2, ''),
(211, 69878017, -7.7549437, 113.2364302, 'SMK NEGERI 1 DRINGU', 'JL. RAYA DRINGU NO 901 KEC. DRINGU KABUPATEN PROBO', 29, 335420309, 'smandringu.wordpress.com', 2, ''),
(212, 20521449, -8.1254923, 113.215843, 'SMK NEGERI 1 LUMAJANG', 'JL. HOS. COKROAMINOTO 161 TELP. 0334 881866', 30, 334881866, 'smkn1lmj.sch.id', 2, ''),
(213, 20521463, -8.1151941, 113.224216, 'SMK NEGERI 2 LUMAJANG', 'JL. GAJAH MADA LUMAJANG', 30, 334881925, 'smkn2lumajang.sch.id', 2, ''),
(214, 20521450, -8.1582365, 113.2526203, 'SMK NEGERI TEKUNG', 'JL. RAYA TUKUM NO 45 TEKUNG LUMAJANG', 30, 334884416, 'smkntekung.sch.id', 2, ''),
(215, 20521464, -8.0359579, 113.2567775, 'SMK NEGERI KLAKAH', 'JL. RAYA RANDU AGUNG 17', 30, 334882193, '', 2, ''),
(216, 20521455, -8.225976, 113.1292003, 'SMK NEGERI 1 PASIRIAN', 'JL. RAYA CONDRO PASIRIAN', 30, 334574253, 'smkpasirian-lmj.sch.id', 2, ''),
(217, 20521451, -8.2259745, 113.0963692, 'SMK NEGERI TEMPEH', 'JL. RAYA TEMPEH 62', 30, 2147483647, '', 2, ''),
(218, 20521452, -8.29481, 112.9513413, 'SMK NEGERI TEMPURSARI', 'JL. RAYA TEMPURSARI', 30, 0, '', 2, ''),
(219, 20566398, -8.1307076, 113.1408849, 'SMK NEGERI SENDURO', 'JL. AGROPOLITAN PURWOREJO SENDURU', 30, 0, '', 2, ''),
(220, 20584034, -8.1887333, 113.3057435, 'SMK NEGERI ROWOKANGKUNG', 'JL. MAYJEN SOEKARTIYO SUMBERSARI ROWOKANGKUNG', 30, 334392049, '', 2, ''),
(221, 20521722, -7.9293904, 113.8154368, 'SMK NEGERI 3 BONDOWOSO', 'JL.SANTAWI NO 96A', 31, 332432641, 'smkn3bondowoso.sch.id', 2, ''),
(222, 20521724, -7.9176562, 113.8364545, 'SMK NEGERI 1 BONDOWOSO', 'JL.HOS COKROAMINOTO NO.110 BONDOWOSO', 31, 332431201, 'smkn1bws.sch.id', 2, ''),
(223, 20521723, -7.9200209, 113.8160178, 'SMK NEGERI 2 BONDOWOSO', 'JL.A YANI 48 BONDOWOSO', 31, 332421286, 'smkn2bondowoso.sch.id', 2, ''),
(224, 20521717, -7.9908756, 113.919542, 'SMK NEGERI TLOGOSARI', 'JL.RAYA PAKISAN TLOGOSARI', 31, 2147483647, '', 2, ''),
(225, 20521706, -7.9908697, 113.8516895, 'SMK NEGERI 1 MAESAN', 'JL.SUKOWONO DS.SUMBERSARI', 31, 0, '', 2, ''),
(226, 20553972, -7.85977, 113.7457313, 'SMK NEGERI 1 PAKEM', 'JL.RAYA PAKEM', 31, 0, '', 2, ''),
(227, 20521705, -7.8034784, 113.9768574, 'SMK NEGERI 1 PRAJEKAN', 'JL.RAYA PRAJEKAN', 31, 0, '', 2, ''),
(228, 20521707, -8.0268469, 113.7921182, 'SMK NEGERI 1 TAMANAN', 'JL.MAESAN TAMANAN', 31, 332566847, '', 2, ''),
(229, 20521720, -7.82629, 113.7582513, 'SMK NEGERI 1 WRINGIN', 'JL.RAYA WRINGIN - BONDOWOSO', 31, 2147483647, 'smkn1wringin.sch.id', 2, ''),
(230, 20521721, -7.7810346, 114.0351345, 'SMK NEGERI 1 CERMEE', 'JL.RAYA CERMEE NO.35', 31, 0, '', 2, ''),
(231, 20521716, -7.9654281, 113.9746134, 'SMK NEGERI SBR WRINGIN', 'JL.BATA INDAH SUMBER WRINGIN', 31, 332321433, '', 2, ''),
(232, 20554159, -7.8777736, 113.9043223, 'SMK NEGERI 1 TAPEN', 'JL.RAYA KAWAH IJEN NO 99 JURANGSAPI TAPEN-BONDOWOS', 31, 332423420, 'smkn1tapen.sch.id', 2, ''),
(233, 20554158, -7.8610453, 113.9133364, 'SMK NEGERI 1 KLABANG', 'JL.BLIMBING NO 12 KLABANG-BONDOWOSO', 31, 332560821, '', 2, ''),
(234, 20554160, -7.9827938, 113.791441, 'SMK NEGERI 1 GRUJUGAN', 'JL.RAYA JEMBER GRUJUGAN DESA TAMAN KECAMATAN GRUJU', 31, 332431110, 'smkn1grujugan.sch.id', 2, ''),
(235, 20554161, -7.9764683, 113.8840218, 'SMK NEGERI 1 PUJER', 'JL.PAKISAN DS MASKUNING', 31, 2147483647, 'smkn1pujer.sch.id', 2, ''),
(236, 20554341, -7.8881687, 113.825699, 'SMK PP NEGERI 1 TEGALAMPEL', 'JL. GUNUNG PURNAMA - DESA TANGGUL ANGIN - TEGALAMP', 31, 332422078, 'smkppn1tegalampel.sch.id', 2, ''),
(237, 69752453, -7.962334, 113.7969053, 'SMK NEGERI 4 BONDOWOSO', 'JL. RAYA MASTRIP PANCORAN', 31, 332433350, 'smkn4bws.sch.id', 2, ''),
(238, 69756190, -8.0064866, 114.145549, 'SMK NEGERI 1 SEMPOL', 'JL. RAYA KAWAH IJEN SEMPOL, KEC. SEMPOL', 31, 0, '', 2, ''),
(239, 20522636, -7.7043919, 114.020277, 'SMK NEGERI 1 PANJI SITUBONDO', 'JL. GUNUNG ARJUNO NO 17 SITUBONDO', 32, 338672507, 'smkn1panji-sit.sch.id', 2, ''),
(240, 20522644, -7.7342201, 113.7044263, 'SMK NEGERI 1 SUBOH', 'JL. RAYA SUBOH NO. 3 SUBOH-SITUBONDO', 32, 338893956, 'smkn1suboh.sch.id', 2, ''),
(241, 20539364, -7.7225031, 113.9351769, 'SMK NEGERI 1 KENDIT', 'JL. ARJOKUSUMO NO.2 KENDIT', 32, 0, 'smkn1kendit.sch.id', 2, ''),
(242, 20539365, -7.7315288, 114.0073562, 'SMK NEGERI 1 SITUBONDO', 'JL. BALURAN NO. 17 KOTAKAN SITUBONDO', 32, 338678217, 'dapo.dikdasmen.kemdikbud.go.id', 2, ''),
(243, 20539366, -7.6905302, 114.0080452, 'SMK NEGERI 2 SITUBONDO', 'JL. SUCIPTO, NO. 163', 32, 2147483647, 'smkn2situbondo.sch.id', 2, ''),
(244, 20554596, -7.7578328, 114.2807875, 'SMK NEGERI 1 BANYUPUTIH', 'JL. KH. AHMAD ZAINI DAHLAN BINDUNG SUMBERANYAR', 32, 0, 'smknsatubanyuputih.wordpress.com', 2, ''),
(245, 20523734, -8.1519958, 113.7066828, 'SMK NEGERI 1 JEMBER', 'JALAN JAMBU NO. 17', 33, 331483108, 'smknegeri1jember.sch.id', 2, ''),
(246, 20523756, -8.153827, 113.7242373, 'SMK NEGERI 2 JEMBER', 'JL. TAWANGMANGU NO.59 JEMBER', 33, 331337930, 'smkn2jember.sch.id', 2, ''),
(247, 20523749, -8.1703468, 113.6992411, 'SMK NEGERI 4 JEMBER', 'JL. KARTINI NO. 1 JEMBER', 33, 331487488, 'smkn4jember.sch.id', 2, ''),
(248, 20523754, -8.1519301, 113.6999935, 'SMK NEGERI 3 JEMBER', 'JL. DR. SUBANDI 31 JEMBER', 33, 331484566, 'smk3jember.sch.id', 2, ''),
(249, 20523760, -8.1971765, 113.634953, 'SMK NEGERI 5  JEMBER', 'JL.BRAWIJAYA NO. 55 JUBUNG', 33, 331487535, 'smkn5jember.sch.id', 2, ''),
(250, 20523849, -8.154856, 113.433285, 'SMK NEGERI 6 JEMBER', 'JL. PB. SUDIRMAN NO. 114 TANGGUL - JEMBER', 33, 0, 'smkn6jember.sch.id', 2, ''),
(251, 20554848, -8.1124975, 113.3699454, 'SMK NEGERI 7 JEMBER', 'JL. PB. SUDIRMAN NO. 16 SUMBERBARU, JEMBER', 33, 334321400, '', 2, ''),
(252, 20554690, -8.21281, 113.4570179, 'SMK NEGERI 8 JEMBER', 'JL. PELITA 17 SEMBORO', 33, 0, 'smkn8jember.sch.id', 2, ''),
(253, 20525627, -8.2155967, 114.3422309, 'SMK NEGERI 1 GLAGAH', 'JL. KUNTULAN NO. 1', 34, 333421222, 'smkn1glagah.sch.id', 2, ''),
(254, 20525628, -8.2953609, 113.9862603, 'SMK NEGERI 1 KALIBARU', 'JL. JEMBER 122 KALIBARU', 34, 333897392, 'smknkalibaru.sch.id', 2, ''),
(255, 20525629, -8.4812712, 114.3319615, 'SMK NEGERI DARUL ULUM', 'JL. KH. ASKANDAR KM 2 WRINGINPUTIH MUNCAR', 34, 333597602, 'smkndu-muncar.sch.id', 2, ''),
(256, 20525590, -8.212343, 114.3486873, 'SMK NEGERI 1 BANYUWANGI', 'JL. WIJAYA KUSUMA NO. 46', 34, 333424541, 'smkn1banyuwangi.sch.id', 2, ''),
(257, 20525589, -8.2957882, 114.243208, 'SMK NEGERI IHYA ULUMIDIN', 'JL. KH ABDULLAH HASBULLAH NO, 8 DS. PADANG KEC. SI', 34, 333635754, '', 2, ''),
(258, 20525591, -7.9890678, 114.3929827, 'SMK NEGERI WONGSOREJO', 'JL. PB SUDIRMAN NO.13 WONGSOREJO', 34, 333461613, '', 2, ''),
(259, 20540177, -8.4222245, 114.1540569, 'SMK NEGERI 1 TEGALSARI', 'JL.KH ABDUL MAJID NO 09, TEGALSARI', 34, 2147483647, 'smkntegalsari.net', 2, ''),
(260, 20576121, -8.1714667, 114.3624355, 'SMK NEGERI 1 KALIPURO', 'JL. DENPASAR NO.17 X KALIPURO', 34, 2147483647, 'smkn1kalipuro.blogspot.co.id', 2, ''),
(261, 20527175, -7.1580637, 113.4717645, 'SMK NEGERI 3 PAMEKASAN', 'JALAN KABUPATEN NO. 103 PAMEKASAN', 35, 0, 'smkn3pmk.sch.id', 2, ''),
(262, 20527173, -7.1580634, 113.4564435, 'SMK NEGERI 1 PAMEKASAN', 'JALAN PINTU GERBANG NO. 157 PAMEKASAN', 35, 0, '', 2, ''),
(263, 20527174, -7.1508079, 113.4639041, 'SMK NEGERI 2 PAMEKASAN', 'JALAN RAYA PROPPO NO. 161 PAMEKASAN', 35, 324322322, 'smkn2pamekasan.sch.id', 2, ''),
(264, 20555438, -7.03546, 113.5434673, 'SMK NEGERI 1 PAKONG', 'JALAN RAYA PAKONG KEC. PAKONG KAB. PAMEKASAN', 35, 2147483647, 'smkn1pakong.sch.id', 2, ''),
(265, 20574707, -6.9030547, 113.5669414, 'SMK NEGERI 1 PASEAN', 'JL. TLONTORAJO KEC. PASEAN KAB PAMEKASAN', 35, 0, '', 2, ''),
(266, 20574708, -7.1331409, 113.4223496, 'SMK NEGERI 1 PROPPO', 'DESA BILLA\'AN KEC. PROPPO KAB. PAMEKASAN', 35, 0, '', 2, ''),
(267, 20577811, -7.2201556, 113.4379068, 'SMK NEGERI 1 TLANAKAN', 'JALAN RAYA TLANAKAN KM.09 PAMEKASAN MADURA', 35, 0, '', 2, ''),
(268, 20528658, -7.18967, 113.25551, 'SMK NEGERI 1 SAMPANG', 'JL. SUHADA 11A SAMPANG', 36, 323323279, 'smkn1sampang.sch.id', 2, ''),
(269, 20549264, -7.0594361, 113.1679314, 'SMK NEGERI 1 TAMBELANGAN', 'JALAN KH. ALI NURUDDINKECAMATAN TAMBELANGANKAB', 36, 2147483647, 'smkn1tambelangan.sch.id', 2, ''),
(270, 20566348, -6.99968, 113.2922513, 'SMK NEGERI 1 ROBATAL', 'JL. RAYA ROBATAL NO. 77, TRAJAN ROBATAL SAMPANG', 36, 2147483647, 'smkn1robatal.sch.id', 2, ''),
(271, 20574844, -7.2015655, 113.239394, 'SMK NEGERI 2 SAMPANG', 'JL. SYAMSUL ARIFIN, POLAGAN 9A/SAMPANG, KAB. SAMPA', 36, 323324777, 'smkn2sampang.sch.id', 2, ''),
(272, 20579496, -7.3083815, 113.2017185, 'SMK NEGERI 3 SAMPANG', 'PULAU MANDANGIN SAMPANG, PULAU MANDANGIN, SAMPANG,', 36, 2147483647, '', 2, ''),
(273, 69854732, -7.1266567, 113.138985, 'SMK NEGERI 1 JRENGIK', 'JL. RAYA JRENGIK SAMPANG', 36, 0, '', 2, ''),
(274, 69854733, -7.1451575, 113.3078116, 'SMK NEGERI 1 OMBEN', 'JL. RAYA SOGIYAN - OMBEN SAMPANG', 36, 0, '', 2, ''),
(275, 20529956, -7.0355111, 113.8592397, 'SMK NEGERI 1 SUMENEP', 'JL, TRUNOJOYO 298 PATEAN - SUMENEP', 37, 328664107, 'smk1smn.sch.id', 2, ''),
(276, 20529957, -7.033686, 113.9055633, 'SMK NEGERI 1 KALIANGET', 'JL. BY PASS KERTASADA KALIANGET', 37, 328667429, '', 2, ''),
(277, 20531223, -7.0475704, 112.752023, 'SMK NEGERI 2 BANGKALAN', 'JL. HALIM PERDANA KUSUMA (RING ROAD) BANGKALAN', 37, 313092223, 'smkn2-bangkalan.sch.id', 2, ''),
(278, 20531224, -7.0383187, 112.7278959, 'SMK NEGERI 1 BANGKALAN', 'JL. KENANGA NO 4 BANGKALAN', 38, 313095054, 'smkn1bangkalan.sch.id', 2, ''),
(279, 20531225, -6.9439586, 112.8292281, 'SMK NEGERI 1 AROSBAYA', 'JL. RAYA AROSBAYA NO. 1', 38, 313052003, '', 2, ''),
(280, 20549633, -7.1313431, 112.7719542, 'SMK NEGERI 1 LABANG', 'JL. RAYA LABANG', 38, 2147483647, '', 2, ''),
(281, 20555110, -6.896756, 112.9584643, 'SMK NEGERI 1 SEPULU', 'JL. RAYA SEPULU', 38, 2147483647, '', 2, ''),
(282, 20570236, -7.158747, 113.0509303, 'SMK NEGERI 1 BLEGA', 'JL. OLAHRAGA NO. 1 BLEGA', 38, 0, '', 2, ''),
(283, 20570371, -7.12263, 112.8799713, 'SMK NEGERI 1 KWANYAR', 'JL. JOKOTOLE SOMOR KONENG', 38, 0, '', 2, ''),
(284, 20570323, -7.1255697, 112.712089, 'SMK NEGERI 1 KAMAL', 'JL. RAYA TELANG NO. 03 KAMAL, BANGKALAN', 38, 0, '', 2, ''),
(285, 20570399, -7.0419564, 112.716728, 'SMK NEGERI 3 BANGKALAN', 'JL. MERTAJASAH NO.70', 38, 0, '', 2, ''),
(286, 69733900, -6.89049, 113.0563323, 'SMK NEGERI 1 TANJUNGBUMI', 'JL. RAYA MACAJAH NO. 56 TANJUNGBUMI', 38, 0, '', 2, '');

-- --------------------------------------------------------

--
-- Table structure for table `tahun`
--

CREATE TABLE `tahun` (
  `id` int(100) NOT NULL,
  `nama_tahun` varchar(100) NOT NULL
) ENGINE=InnoDB DEFAULT CHARSET=latin1;

--
-- Dumping data for table `tahun`
--

INSERT INTO `tahun` (`id`, `nama_tahun`) VALUES
(1, '2017');

-- --------------------------------------------------------

--
-- Table structure for table `total`
--

CREATE TABLE `total` (
  `id` int(100) NOT NULL,
  `id_tahun` int(100) NOT NULL,
  `id_daerah` int(100) NOT NULL,
  `lakilaki` int(100) NOT NULL,
  `perempuan` int(100) NOT NULL,
  `jenis` int(100) NOT NULL,
  `kelas` text NOT NULL
) ENGINE=InnoDB DEFAULT CHARSET=latin1;

--
-- Dumping data for table `total`
--

INSERT INTO `total` (`id`, `id_tahun`, `id_daerah`, `lakilaki`, `perempuan`, `jenis`, `kelas`) VALUES
(1, 1, 1, 4017, 4992, 1, 'kelas 1'),
(2, 1, 2, 1347, 1841, 1, 'kelas 1'),
(3, 1, 3, 316, 275, 1, 'kelas 1'),
(4, 1, 4, 621, 803, 1, 'kelas 1'),
(5, 1, 5, 181, 214, 1, 'kelas 1'),
(6, 1, 6, 418, 539, 1, 'kelas 1'),
(7, 1, 7, 657, 482, 1, 'kelas 1'),
(8, 1, 8, 374, 318, 1, 'kelas 1'),
(9, 1, 9, 289, 342, 1, 'kelas 1'),
(10, 1, 10, 1932, 2287, 1, 'kelas 1'),
(11, 1, 11, 2419, 2711, 1, 'kelas 1'),
(12, 1, 12, 1541, 1732, 1, 'kelas 1'),
(13, 1, 13, 1205, 1605, 1, 'kelas 1'),
(14, 1, 14, 1295, 1587, 1, 'kelas 1'),
(15, 1, 15, 1726, 1961, 1, 'kelas 1'),
(16, 1, 16, 1601, 1806, 1, 'kelas 1'),
(17, 1, 17, 672, 967, 1, 'kelas 1'),
(18, 1, 18, 1180, 1227, 1, 'kelas 1'),
(19, 1, 19, 1388, 1303, 1, 'kelas 1'),
(20, 1, 20, 924, 1657, 1, 'kelas 1'),
(21, 1, 21, 680, 600, 1, 'kelas 1'),
(22, 1, 22, 1930, 1606, 1, 'kelas 1'),
(23, 1, 23, 1545, 1634, 1, 'kelas 1'),
(24, 1, 24, 1361, 1764, 1, 'kelas 1'),
(25, 1, 25, 1454, 2073, 1, 'kelas 1'),
(26, 1, 26, 910, 1377, 1, 'kelas 1'),
(27, 1, 27, 2290, 2208, 1, 'kelas 1'),
(28, 1, 28, 2077, 1981, 1, 'kelas 1'),
(29, 1, 29, 980, 969, 1, 'kelas 1'),
(30, 1, 30, 1245, 1392, 1, 'kelas 1'),
(31, 1, 31, 797, 827, 1, 'kelas 1'),
(32, 1, 32, 463, 587, 1, 'kelas 1'),
(33, 1, 33, 2264, 2619, 1, 'kelas 1'),
(34, 1, 34, 2290, 2738, 1, 'kelas 1'),
(35, 1, 35, 466, 702, 1, 'kelas 1'),
(36, 1, 36, 718, 861, 1, 'kelas 1'),
(37, 1, 37, 484, 469, 1, 'kelas 1'),
(38, 1, 38, 1238, 1272, 1, 'kelas 1'),
(39, 1, 1, 4072, 5164, 1, 'kelas 2'),
(40, 1, 2, 1220, 1578, 1, 'kelas 2'),
(41, 1, 3, 304, 283, 1, 'kelas 2'),
(42, 1, 4, 637, 787, 1, 'kelas 2'),
(43, 1, 5, 241, 206, 1, 'kelas 2'),
(44, 1, 6, 382, 480, 1, 'kelas 2'),
(45, 1, 7, 656, 443, 1, 'kelas 2'),
(46, 1, 8, 399, 367, 1, 'kelas 2'),
(47, 1, 9, 324, 476, 1, 'kelas 2'),
(48, 1, 10, 1798, 1841, 1, 'kelas 2'),
(49, 1, 11, 2337, 2557, 1, 'kelas 2'),
(50, 1, 12, 1658, 1606, 1, 'kelas 2'),
(51, 1, 13, 1210, 1627, 1, 'kelas 2'),
(52, 1, 14, 1676, 1721, 1, 'kelas 2'),
(53, 1, 15, 1683, 1931, 1, 'kelas 2'),
(54, 1, 16, 1608, 1576, 1, 'kelas 2'),
(55, 1, 17, 628, 828, 1, 'kelas 2'),
(56, 1, 18, 1025, 1246, 1, 'kelas 2'),
(57, 1, 19, 1276, 1184, 1, 'kelas 2'),
(58, 1, 20, 931, 1373, 1, 'kelas 2'),
(59, 1, 21, 652, 505, 1, 'kelas 2'),
(60, 1, 22, 2136, 2089, 1, 'kelas 2'),
(61, 1, 23, 1541, 1825, 1, 'kelas 2'),
(62, 1, 24, 1282, 1523, 1, 'kelas 2'),
(63, 1, 25, 1325, 1971, 1, 'kelas 2'),
(64, 1, 26, 915, 1307, 1, 'kelas 2'),
(65, 1, 27, 2173, 2317, 1, 'kelas 2'),
(66, 1, 28, 2004, 2041, 1, 'kelas 2'),
(67, 1, 29, 839, 835, 1, 'kelas 2'),
(68, 1, 30, 1223, 1390, 1, 'kelas 2'),
(69, 1, 31, 837, 843, 1, 'kelas 2'),
(70, 1, 32, 426, 545, 1, 'kelas 2'),
(71, 1, 33, 2079, 2428, 1, 'kelas 2'),
(72, 1, 34, 2179, 2554, 1, 'kelas 2'),
(73, 1, 35, 462, 707, 1, 'kelas 2'),
(74, 1, 36, 717, 600, 1, 'kelas 2'),
(75, 1, 37, 420, 531, 1, 'kelas 2'),
(76, 1, 38, 1257, 1059, 1, 'kelas 2'),
(77, 1, 1, 3212, 5257, 1, 'kelas 3'),
(78, 1, 2, 1248, 1422, 1, 'kelas 3'),
(79, 1, 3, 210, 284, 1, 'kelas 3'),
(80, 1, 4, 558, 673, 1, 'kelas 3'),
(81, 1, 5, 194, 166, 1, 'kelas 3'),
(82, 1, 6, 299, 344, 1, 'kelas 3'),
(83, 1, 7, 641, 432, 1, 'kelas 3'),
(84, 1, 8, 402, 315, 1, 'kelas 3'),
(85, 1, 9, 273, 400, 1, 'kelas 3'),
(86, 1, 10, 1950, 1394, 1, 'kelas 3'),
(87, 1, 11, 2190, 2698, 1, 'kelas 3'),
(88, 1, 12, 1825, 1545, 1, 'kelas 3'),
(89, 1, 13, 1194, 1528, 1, 'kelas 3'),
(90, 1, 14, 1883, 2474, 1, 'kelas 3'),
(91, 1, 15, 1530, 1803, 1, 'kelas 3'),
(92, 1, 16, 1198, 1471, 1, 'kelas 3'),
(93, 1, 17, 528, 846, 1, 'kelas 3'),
(94, 1, 18, 880, 1045, 1, 'kelas 3'),
(95, 1, 19, 1271, 1146, 1, 'kelas 3'),
(96, 1, 20, 913, 1244, 1, 'kelas 3'),
(97, 1, 21, 532, 451, 1, 'kelas 3'),
(98, 1, 22, 2439, 2339, 1, 'kelas 3'),
(99, 1, 23, 1498, 1731, 1, 'kelas 3'),
(100, 1, 24, 1187, 1165, 1, 'kelas 3'),
(101, 1, 25, 1323, 1827, 1, 'kelas 3'),
(102, 1, 26, 942, 1367, 1, 'kelas 3'),
(103, 1, 27, 2143, 2070, 1, 'kelas 3'),
(104, 1, 28, 2111, 1963, 1, 'kelas 3'),
(105, 1, 29, 738, 729, 1, 'kelas 3'),
(106, 1, 30, 1140, 1310, 1, 'kelas 3'),
(107, 1, 31, 834, 777, 1, 'kelas 3'),
(108, 1, 32, 346, 492, 1, 'kelas 3'),
(109, 1, 33, 2098, 2440, 1, 'kelas 3'),
(110, 1, 34, 2060, 2601, 1, 'kelas 3'),
(111, 1, 35, 436, 589, 1, 'kelas 3'),
(112, 1, 36, 893, 603, 1, 'kelas 3'),
(113, 1, 37, 454, 514, 1, 'kelas 3'),
(114, 1, 38, 1329, 1135, 1, 'kelas 3'),
(115, 1, 1, 3956, 4253, 2, 'kelas 1'),
(116, 1, 2, 3664, 3200, 2, 'kelas 1'),
(117, 1, 3, 602, 530, 2, 'kelas 1'),
(118, 1, 4, 581, 380, 2, 'kelas 1'),
(119, 1, 5, 286, 293, 2, 'kelas 1'),
(120, 1, 6, 268, 300, 2, 'kelas 1'),
(121, 1, 7, 421, 394, 2, 'kelas 1'),
(122, 1, 8, 695, 596, 2, 'kelas 1'),
(123, 1, 9, 264, 292, 2, 'kelas 1'),
(124, 1, 10, 831, 752, 2, 'kelas 1'),
(125, 1, 11, 1201, 1234, 2, 'kelas 1'),
(126, 1, 12, 1593, 1572, 2, 'kelas 1'),
(127, 1, 13, 1248, 1106, 2, 'kelas 1'),
(128, 1, 14, 2125, 2124, 2, 'kelas 1'),
(129, 1, 15, 1971, 1645, 2, 'kelas 1'),
(130, 1, 16, 794, 851, 2, 'kelas 1'),
(131, 1, 17, 1725, 1177, 2, 'kelas 1'),
(132, 1, 18, 1595, 1650, 2, 'kelas 1'),
(133, 1, 19, 1140, 1284, 2, 'kelas 1'),
(134, 1, 20, 1038, 969, 2, 'kelas 1'),
(135, 1, 21, 1287, 1258, 2, 'kelas 1'),
(136, 1, 22, 1213, 1283, 2, 'kelas 1'),
(137, 1, 23, 1106, 1183, 2, 'kelas 1'),
(138, 1, 24, 1622, 1563, 2, 'kelas 1'),
(139, 1, 25, 2137, 1817, 2, 'kelas 1'),
(140, 1, 26, 1055, 1017, 2, 'kelas 1'),
(141, 1, 27, 1592, 1433, 2, 'kelas 1'),
(142, 1, 28, 3230, 3586, 2, 'kelas 1'),
(143, 1, 29, 1108, 846, 2, 'kelas 1'),
(144, 1, 30, 1581, 1506, 2, 'kelas 1'),
(145, 1, 31, 1239, 990, 2, 'kelas 1'),
(146, 1, 32, 564, 572, 2, 'kelas 1'),
(147, 1, 33, 2089, 1916, 2, 'kelas 1'),
(148, 1, 34, 1697, 1488, 2, 'kelas 1'),
(149, 1, 35, 521, 517, 2, 'kelas 1'),
(150, 1, 36, 724, 735, 2, 'kelas 1'),
(151, 1, 37, 576, 546, 2, 'kelas 1'),
(152, 1, 38, 1451, 1425, 2, 'kelas 1'),
(153, 1, 1, 3959, 4152, 2, 'kelas 2'),
(154, 1, 2, 3336, 3102, 2, 'kelas 2'),
(155, 1, 3, 648, 519, 2, 'kelas 2'),
(156, 1, 4, 564, 367, 2, 'kelas 2'),
(157, 1, 5, 264, 246, 2, 'kelas 2'),
(158, 1, 6, 284, 304, 2, 'kelas 2'),
(159, 1, 7, 463, 397, 2, 'kelas 2'),
(160, 1, 8, 785, 749, 2, 'kelas 2'),
(161, 1, 9, 256, 282, 2, 'kelas 2'),
(162, 1, 10, 762, 767, 2, 'kelas 2'),
(163, 1, 11, 967, 1097, 2, 'kelas 2'),
(164, 1, 12, 1584, 1550, 2, 'kelas 2'),
(165, 1, 13, 1031, 1162, 2, 'kelas 2'),
(166, 1, 14, 2197, 2131, 2, 'kelas 2'),
(167, 1, 15, 1793, 1444, 2, 'kelas 2'),
(168, 1, 16, 777, 833, 2, 'kelas 2'),
(169, 1, 17, 1443, 1005, 2, 'kelas 2'),
(170, 1, 18, 1552, 1536, 2, 'kelas 2'),
(171, 1, 19, 912, 938, 2, 'kelas 2'),
(172, 1, 20, 1305, 1067, 2, 'kelas 2'),
(173, 1, 21, 1166, 1152, 2, 'kelas 2'),
(174, 1, 22, 1056, 1102, 2, 'kelas 2'),
(175, 1, 23, 1165, 1187, 2, 'kelas 2'),
(176, 1, 24, 1615, 1554, 2, 'kelas 2'),
(177, 1, 25, 1804, 1622, 2, 'kelas 2'),
(178, 1, 26, 872, 818, 2, 'kelas 2'),
(179, 1, 27, 1614, 1458, 2, 'kelas 2'),
(180, 1, 28, 4353, 3530, 2, 'kelas 2'),
(181, 1, 29, 851, 855, 2, 'kelas 2'),
(182, 1, 30, 1383, 1304, 2, 'kelas 2'),
(183, 1, 31, 1184, 935, 2, 'kelas 2'),
(184, 1, 32, 566, 593, 2, 'kelas 2'),
(185, 1, 33, 1624, 1741, 2, 'kelas 2'),
(186, 1, 34, 1360, 1501, 2, 'kelas 2'),
(187, 1, 35, 512, 566, 2, 'kelas 2'),
(188, 1, 36, 606, 719, 2, 'kelas 2'),
(189, 1, 37, 521, 610, 2, 'kelas 2'),
(190, 1, 38, 1454, 1397, 2, 'kelas 2'),
(191, 1, 1, 4959, 4031, 2, 'kelas 3'),
(192, 1, 2, 3096, 2959, 2, 'kelas 3'),
(193, 1, 3, 677, 465, 2, 'kelas 3'),
(194, 1, 4, 528, 362, 2, 'kelas 3'),
(195, 1, 5, 286, 133, 2, 'kelas 3'),
(196, 1, 6, 273, 308, 2, 'kelas 3'),
(197, 1, 7, 418, 361, 2, 'kelas 3'),
(198, 1, 8, 641, 586, 2, 'kelas 3'),
(199, 1, 9, 199, 247, 2, 'kelas 3'),
(200, 1, 10, 736, 725, 2, 'kelas 3'),
(201, 1, 11, 1032, 1017, 2, 'kelas 3'),
(202, 1, 12, 1579, 1535, 2, 'kelas 3'),
(203, 1, 13, 1039, 1129, 2, 'kelas 3'),
(204, 1, 14, 2345, 2152, 2, 'kelas 3'),
(205, 1, 15, 1475, 1277, 2, 'kelas 3'),
(206, 1, 16, 753, 863, 2, 'kelas 3'),
(207, 1, 17, 1326, 1092, 2, 'kelas 3'),
(208, 1, 18, 1579, 1599, 2, 'kelas 3'),
(209, 1, 19, 1226, 1016, 2, 'kelas 3'),
(210, 1, 20, 1021, 1032, 2, 'kelas 3'),
(211, 1, 21, 1142, 1180, 2, 'kelas 3'),
(212, 1, 22, 819, 872, 2, 'kelas 3'),
(213, 1, 23, 1160, 1194, 2, 'kelas 3'),
(214, 1, 24, 1614, 1441, 2, 'kelas 3'),
(215, 1, 25, 1410, 1172, 2, 'kelas 3'),
(216, 1, 26, 565, 789, 2, 'kelas 3'),
(217, 1, 27, 1624, 1556, 2, 'kelas 3'),
(218, 1, 28, 3126, 3547, 2, 'kelas 3'),
(219, 1, 29, 714, 800, 2, 'kelas 3'),
(220, 1, 30, 1033, 1510, 2, 'kelas 3'),
(221, 1, 31, 1152, 947, 2, 'kelas 3'),
(222, 1, 32, 434, 606, 2, 'kelas 3'),
(223, 1, 33, 1254, 1736, 2, 'kelas 3'),
(224, 1, 34, 1073, 1397, 2, 'kelas 3'),
(225, 1, 35, 517, 598, 2, 'kelas 3'),
(226, 1, 36, 494, 599, 2, 'kelas 3'),
(227, 1, 37, 428, 485, 2, 'kelas 3'),
(228, 1, 38, 1463, 1411, 2, 'kelas 3');

--
-- Indexes for dumped tables
--

--
-- Indexes for table `agama`
--
ALTER TABLE `agama`
  ADD PRIMARY KEY (`id`),
  ADD KEY `daerah_agama` (`id_daerah`),
  ADD KEY `tahun_agama` (`id_tahun`),
  ADD KEY `jenis_agama` (`jenis`);

--
-- Indexes for table `daerah`
--
ALTER TABLE `daerah`
  ADD PRIMARY KEY (`id`);

--
-- Indexes for table `gelar`
--
ALTER TABLE `gelar`
  ADD PRIMARY KEY (`id`),
  ADD KEY `daerah_gelar` (`id_daerah`),
  ADD KEY `tahun_gelar` (`id_tahun`),
  ADD KEY `jenis_gelar` (`jenis`);

--
-- Indexes for table `jenis`
--
ALTER TABLE `jenis`
  ADD PRIMARY KEY (`id`);

--
-- Indexes for table `kepemilikan`
--
ALTER TABLE `kepemilikan`
  ADD PRIMARY KEY (`id`),
  ADD KEY `daerah_kepemilihan` (`id_daerah`),
  ADD KEY `tahun_kepemilikan` (`id_tahun`),
  ADD KEY `jenis_kepemilikan` (`jenis`);

--
-- Indexes for table `login`
--
ALTER TABLE `login`
  ADD PRIMARY KEY (`id`);

--
-- Indexes for table `lulus`
--
ALTER TABLE `lulus`
  ADD PRIMARY KEY (`id`),
  ADD KEY `daerah_lulus` (`id_daerah`),
  ADD KEY `tahun_lulus` (`id_tahun`),
  ADD KEY `jenis_lulus` (`jenis`);

--
-- Indexes for table `mengulang`
--
ALTER TABLE `mengulang`
  ADD PRIMARY KEY (`id`),
  ADD KEY `daerah_mengulang` (`id_daerah`),
  ADD KEY `tahun_mengulang` (`id_tahun`),
  ADD KEY `jenis_mengulang` (`jenis`);

--
-- Indexes for table `putus`
--
ALTER TABLE `putus`
  ADD PRIMARY KEY (`id`),
  ADD KEY `daerah_putus` (`id_daerah`),
  ADD KEY `tahun_putus` (`id_tahun`),
  ADD KEY `jenis_putus` (`jenis`);

--
-- Indexes for table `siswa_baru`
--
ALTER TABLE `siswa_baru`
  ADD PRIMARY KEY (`id`),
  ADD KEY `daerah_siswa` (`id_daerah`),
  ADD KEY `tahun_siswa` (`id_tahun`),
  ADD KEY `jenis_siswa` (`jenis`);

--
-- Indexes for table `sma`
--
ALTER TABLE `sma`
  ADD PRIMARY KEY (`id`),
  ADD KEY `daerah_sma` (`id_daerah`),
  ADD KEY `jenis_sma` (`jenis`);

--
-- Indexes for table `smk`
--
ALTER TABLE `smk`
  ADD PRIMARY KEY (`id`),
  ADD KEY `daerah_smk` (`id_daerah`),
  ADD KEY `jenis_smk` (`jenis`);

--
-- Indexes for table `tahun`
--
ALTER TABLE `tahun`
  ADD PRIMARY KEY (`id`);

--
-- Indexes for table `total`
--
ALTER TABLE `total`
  ADD PRIMARY KEY (`id`),
  ADD KEY `daerah_total` (`id_daerah`),
  ADD KEY `tahun_total` (`id_tahun`),
  ADD KEY `jenis_total` (`jenis`);

--
-- AUTO_INCREMENT for dumped tables
--

--
-- AUTO_INCREMENT for table `agama`
--
ALTER TABLE `agama`
  MODIFY `id` int(100) NOT NULL AUTO_INCREMENT, AUTO_INCREMENT=457;

--
-- AUTO_INCREMENT for table `daerah`
--
ALTER TABLE `daerah`
  MODIFY `id` int(11) NOT NULL AUTO_INCREMENT, AUTO_INCREMENT=39;

--
-- AUTO_INCREMENT for table `gelar`
--
ALTER TABLE `gelar`
  MODIFY `id` int(100) NOT NULL AUTO_INCREMENT, AUTO_INCREMENT=913;

--
-- AUTO_INCREMENT for table `jenis`
--
ALTER TABLE `jenis`
  MODIFY `id` int(11) NOT NULL AUTO_INCREMENT, AUTO_INCREMENT=3;

--
-- AUTO_INCREMENT for table `kepemilikan`
--
ALTER TABLE `kepemilikan`
  MODIFY `id` int(11) NOT NULL AUTO_INCREMENT, AUTO_INCREMENT=77;

--
-- AUTO_INCREMENT for table `login`
--
ALTER TABLE `login`
  MODIFY `id` int(11) NOT NULL AUTO_INCREMENT, AUTO_INCREMENT=2;

--
-- AUTO_INCREMENT for table `lulus`
--
ALTER TABLE `lulus`
  MODIFY `id` int(100) NOT NULL AUTO_INCREMENT, AUTO_INCREMENT=153;

--
-- AUTO_INCREMENT for table `mengulang`
--
ALTER TABLE `mengulang`
  MODIFY `id` int(100) NOT NULL AUTO_INCREMENT, AUTO_INCREMENT=229;

--
-- AUTO_INCREMENT for table `putus`
--
ALTER TABLE `putus`
  MODIFY `id` int(100) NOT NULL AUTO_INCREMENT, AUTO_INCREMENT=229;

--
-- AUTO_INCREMENT for table `siswa_baru`
--
ALTER TABLE `siswa_baru`
  MODIFY `id` int(100) NOT NULL AUTO_INCREMENT, AUTO_INCREMENT=77;

--
-- AUTO_INCREMENT for table `sma`
--
ALTER TABLE `sma`
  MODIFY `id` int(100) NOT NULL AUTO_INCREMENT, AUTO_INCREMENT=417;

--
-- AUTO_INCREMENT for table `smk`
--
ALTER TABLE `smk`
  MODIFY `id` int(100) NOT NULL AUTO_INCREMENT, AUTO_INCREMENT=287;

--
-- AUTO_INCREMENT for table `tahun`
--
ALTER TABLE `tahun`
  MODIFY `id` int(100) NOT NULL AUTO_INCREMENT, AUTO_INCREMENT=2;

--
-- AUTO_INCREMENT for table `total`
--
ALTER TABLE `total`
  MODIFY `id` int(100) NOT NULL AUTO_INCREMENT, AUTO_INCREMENT=229;

--
-- Constraints for dumped tables
--

--
-- Constraints for table `agama`
--
ALTER TABLE `agama`
  ADD CONSTRAINT `daerah_agama` FOREIGN KEY (`id_daerah`) REFERENCES `daerah` (`id`),
  ADD CONSTRAINT `jenis_agama` FOREIGN KEY (`jenis`) REFERENCES `jenis` (`id`),
  ADD CONSTRAINT `tahun_agama` FOREIGN KEY (`id_tahun`) REFERENCES `tahun` (`id`);

--
-- Constraints for table `gelar`
--
ALTER TABLE `gelar`
  ADD CONSTRAINT `daerah_gelar` FOREIGN KEY (`id_daerah`) REFERENCES `daerah` (`id`),
  ADD CONSTRAINT `jenis_gelar` FOREIGN KEY (`jenis`) REFERENCES `jenis` (`id`),
  ADD CONSTRAINT `tahun_gelar` FOREIGN KEY (`id_tahun`) REFERENCES `tahun` (`id`);

--
-- Constraints for table `kepemilikan`
--
ALTER TABLE `kepemilikan`
  ADD CONSTRAINT `daerah_kepemilihan` FOREIGN KEY (`id_daerah`) REFERENCES `daerah` (`id`),
  ADD CONSTRAINT `jenis_kepemilikan` FOREIGN KEY (`jenis`) REFERENCES `jenis` (`id`),
  ADD CONSTRAINT `tahun_kepemilikan` FOREIGN KEY (`id_tahun`) REFERENCES `tahun` (`id`);

--
-- Constraints for table `lulus`
--
ALTER TABLE `lulus`
  ADD CONSTRAINT `daerah_lulus` FOREIGN KEY (`id_daerah`) REFERENCES `daerah` (`id`),
  ADD CONSTRAINT `jenis_lulus` FOREIGN KEY (`jenis`) REFERENCES `jenis` (`id`),
  ADD CONSTRAINT `tahun_lulus` FOREIGN KEY (`id_tahun`) REFERENCES `tahun` (`id`);

--
-- Constraints for table `mengulang`
--
ALTER TABLE `mengulang`
  ADD CONSTRAINT `daerah_mengulang` FOREIGN KEY (`id_daerah`) REFERENCES `daerah` (`id`),
  ADD CONSTRAINT `jenis_mengulang` FOREIGN KEY (`jenis`) REFERENCES `jenis` (`id`),
  ADD CONSTRAINT `tahun_mengulang` FOREIGN KEY (`id_tahun`) REFERENCES `tahun` (`id`);

--
-- Constraints for table `putus`
--
ALTER TABLE `putus`
  ADD CONSTRAINT `daerah_putus` FOREIGN KEY (`id_daerah`) REFERENCES `daerah` (`id`),
  ADD CONSTRAINT `jenis_putus` FOREIGN KEY (`jenis`) REFERENCES `jenis` (`id`),
  ADD CONSTRAINT `tahun_putus` FOREIGN KEY (`id_tahun`) REFERENCES `tahun` (`id`);

--
-- Constraints for table `siswa_baru`
--
ALTER TABLE `siswa_baru`
  ADD CONSTRAINT `daerah_siswa` FOREIGN KEY (`id_daerah`) REFERENCES `daerah` (`id`),
  ADD CONSTRAINT `jenis_siswa` FOREIGN KEY (`jenis`) REFERENCES `jenis` (`id`),
  ADD CONSTRAINT `tahun_siswa` FOREIGN KEY (`id_tahun`) REFERENCES `tahun` (`id`);

--
-- Constraints for table `sma`
--
ALTER TABLE `sma`
  ADD CONSTRAINT `daerah_sma` FOREIGN KEY (`id_daerah`) REFERENCES `daerah` (`id`),
  ADD CONSTRAINT `jenis_sma` FOREIGN KEY (`jenis`) REFERENCES `jenis` (`id`);

--
-- Constraints for table `smk`
--
ALTER TABLE `smk`
  ADD CONSTRAINT `daerah_smk` FOREIGN KEY (`id_daerah`) REFERENCES `daerah` (`id`),
  ADD CONSTRAINT `jenis_smk` FOREIGN KEY (`jenis`) REFERENCES `jenis` (`id`);

--
-- Constraints for table `total`
--
ALTER TABLE `total`
  ADD CONSTRAINT `daerah_total` FOREIGN KEY (`id_daerah`) REFERENCES `daerah` (`id`),
  ADD CONSTRAINT `jenis_total` FOREIGN KEY (`jenis`) REFERENCES `jenis` (`id`),
  ADD CONSTRAINT `tahun_total` FOREIGN KEY (`id_tahun`) REFERENCES `tahun` (`id`);
COMMIT;

/*!40101 SET CHARACTER_SET_CLIENT=@OLD_CHARACTER_SET_CLIENT */;
/*!40101 SET CHARACTER_SET_RESULTS=@OLD_CHARACTER_SET_RESULTS */;
/*!40101 SET COLLATION_CONNECTION=@OLD_COLLATION_CONNECTION */;
